ID,NAME,ADDRESS,CITY,STATE,ZIP,PHONE
94e8549e-d28b-3c74-9d04-62e8d3565c59,Millom Community Hospital,Lapstone Road nan,Millom,Cumbria,LA18 5,
d85eda67-3730-3a71-929c-9275b1d4922e,Dr N L Hall & Dr L A Wilson,Foxfield Road nan,Broughton in Furness,Cumbria,LA20 6,+44 1229 716337
ed1cde35-f418-33de-88b6-1df8aa5203be,Birbeck Medical Group,Bridge Lane nan,Penrith,Cumbria,CA11 8,+44 1768 214345
3d1f360b-b11c-325d-a02c-05a6b0303dcc,Furness General Hospital,,Barrow-in-Furness,Cumbria,LA14 1,
730eff12-093d-3398-bbdd-5d6e43ec5317,Brampton Medical Practice,,Carlisle,Cumbria,CA4 8,
3820f971-2808-3e15-84ab-4213d5c863dc,Dalston Medical Group,Townhead Road nan,Carlisle,Cumbria,CA5 7,+44 1228 710451
ba4f5e52-5926-32d1-8430-88f583d6b7ee,Helme Chase Surgery,,Kendal,Cumbria,LA9 4,
35b630bc-ace7-3052-90dd-1b2a42b35da7,Dalston Medical Group,Townhead Road nan,Carlisle,Cumbria,CA5 7,+44 1228 710451
1505e803-ab72-3622-8a1d-207b559c4b7b,Ruth Lancaster James Hospital,,Alston,Cumbria,CA9 3,
7002ab76-db80-3f4a-ae3f-0b213ccd0615,Flatt Walks Health Centre,Castle Meadows 3,Whitehaven,Cumbria,CA28 7,
caf97d45-0df3-3057-ab15-6dff03de789f,Healthcare Centre,,Cleator Moor,Cumbria,CA25 5,
538c5ca9-7498-37d6-806c-fd471b2cb1d7,Dalston Medical Group,Townhead Road nan,Carlisle,Cumbria,CA5 7,+44 1228 710451
260d1f9a-b3aa-31fe-b425-dce234c189a1,Seascale Health Centre,Gosforth Road nan,Seascale,Cumbria,CA20 1,+44 1946 7 28101
0eb6875a-fd56-34ca-8817-6023a908237a,Glenridding Health Centre,Greenside Road nan,Penrith,Cumbria,CA11 0,+44 17684 82297
bf6c7d97-ec66-37b3-a257-b6bab4183199,Cartmel Surgery,Haggs Lane nan,Grange-over-Sands,Cumbria,LA11 6,+44 15395 36366
336eedbe-8518-379f-b250-9532e03c4160,Orchard House Surgery,South William Street nan,Workington,Cumbria,CA14 2,+44 1900 603985
5be0c7bd-5dcf-39ff-a2cd-299bedc1f737,Helme Chase Surgery,,Kendal,Cumbria,LA9 4,
af52d67e-1416-32d0-942f-3d16525779d7,Market Street Medical Practice,Market Street 92,Dalton-in-Furness,Cumbria,LA15 8,
eaf47d86-b505-3b11-a40a-b771ddb772de,Flatt Walks Health Centre,Castle Meadows 3,Whitehaven,Cumbria,CA28 7,
a0e4ec14-88d4-3fcf-b78f-e260bdbde044,Millom Community Hospital,Lapstone Road nan,Millom,Cumbria,LA18 5,
d86bf139-9962-3978-8382-4f5f3b4b6e4f,Birbeck Medical Group,Bridge Lane nan,Penrith,Cumbria,CA11 8,+44 1768 214345
43cfd3e7-4732-3fd0-b131-56c140573907,Windermere Health Centre,Goodly Dale nan,Kendal,Cumbria,LA8 9,+44 15394 45159
a11f4fb8-99d0-384e-9658-630314802d3f,Caldbeck Surgery,Friar Row nan,Wigton,Cumbria,CA7 8,+44 16974 78254
fe7d3a2c-b404-3e09-bcaa-fb4a8b5dbef4,Glenridding Health Centre,Greenside Road nan,Penrith,Cumbria,CA11 0,+44 17684 82297
422991f4-5352-3e4c-a15c-7fa9669172a2,Caldbeck Surgery,Friar Row nan,Wigton,Cumbria,CA7 8,+44 16974 78254
20ebebb0-4469-3135-b175-04f10bf5b6e4,Workington Community Hospital,,Workington,Cumbria,CA14 2,
cce7bfd1-f973-3c87-b085-33ba8e49b424,Eden Valley Hospice,Durdar Road nan,Carlisle,Cumbria,CA3 8,
d913e788-1c3f-3488-8d49-8319ece0f0f7,Penrith Hospital,Bridge Lane nan,Penrith,Cumbria,CA11 7,+44 1768 245300
e4365b11-b0d9-3d94-a805-f5df5de364e9,Cumberland Infirmary,,Carlisle,Cumbria,CA2 7,
33c82a40-8834-3bda-a847-e9268b52c352,Dr N L Hall & Dr L A Wilson,Foxfield Road nan,Broughton in Furness,Cumbria,LA20 6,+44 1229 716337
1b196187-c441-3ac9-96ed-d3e803569c19,Orchard House Surgery,South William Street nan,Workington,Cumbria,CA14 2,+44 1900 603985
301f463c-9672-3b00-8a86-c77bc88d3e14,Healthcare Centre,,Cleator Moor,Cumbria,CA25 5,
4dada844-228f-3125-997c-45d443be7f77,Penrith Hospital,Bridge Lane nan,Penrith,Cumbria,CA11 7,+44 1768 245300
b61acd53-10b5-3ac8-8533-a342723cdb4a,Mary Hewetson Cottage Hospital,Crosthwaite Road nan,Keswick,Cumbria,CA12 5,+44 1768 245678
2f1d003c-1f0a-313f-b1a4-ab13f00a20d5,Wigton Hospital,Cross Lane nan,Wigton,Cumbria,CA7 9,+44 16973 66600
c86e98d8-6e0c-3c69-bce7-28c5b1fa392e,Penrith Hospital,Bridge Lane nan,Penrith,Cumbria,CA11 7,+44 1768 245300
0672dba0-0020-3e78-83f6-7836f5deee7c,Birbeck Medical Group,Bridge Lane nan,Penrith,Cumbria,CA11 8,+44 1768 214345
f814741f-3408-3c7d-9b18-a3d3cf2f5df6,Derwent House Surgery,,Cockermouth,Cumbria,CA13 9,
1cf7adfd-02cf-3088-8db0-277e7c042fe0,Mary Hewetson Cottage Hospital,Crosthwaite Road nan,Keswick,Cumbria,CA12 5,+44 1768 245678
8cd91266-2d85-3b60-9755-fbebbb60ee06,Brampton Medical Practice,,Carlisle,Cumbria,CA4 8,
e1200fd2-a4be-3a8b-8fb1-4790619ce404,Orchard House Surgery,South William Street nan,Workington,Cumbria,CA14 2,+44 1900 603985
d39cbced-8572-3bb4-a146-d2500bf452d5,Dr N L Hall & Dr L A Wilson,Foxfield Road nan,Broughton in Furness,Cumbria,LA20 6,+44 1229 716337
c6b6d37b-c420-374e-8e2f-1b4c688a4722,Harraby Surgery,Eastern Way 1,Carlisle,Cumbria,CA3 8,+44 1228 515808
c63a6771-b791-3019-8d9c-29543592ba1d,Flatt Walks Health Centre,Castle Meadows 3,Whitehaven,Cumbria,CA28 7,
c10671af-d030-303c-b609-79f24353da2a,Ruth Lancaster James Hospital,,Alston,Cumbria,CA9 3,
440c7ea9-1d62-3a50-ad91-81be4ad96fff,Temple Sowerby Medical Practice,Linden Park nan,Penrith,Cumbria,CA10 1,+44 17683 61232
bddf703c-55ab-3075-9df9-d357abd9e477,Glenridding Health Centre,Greenside Road nan,Penrith,Cumbria,CA11 0,+44 17684 82297
03666e1a-59a0-3e06-871f-b67a52924b4a,Healthcare Centre,,Cleator Moor,Cumbria,CA25 5,
dc69b01f-e2db-3c4f-928b-0cbb6f5355f5,Workington Community Hospital,,Workington,Cumbria,CA14 2,
cb4fadc4-518d-33ca-8748-fff19d2783fe,Market Street Medical Practice,Market Street 92,Dalton-in-Furness,Cumbria,LA15 8,
1d070aa2-9874-3d47-a063-ec507868eb60,Temple Sowerby Medical Practice,Linden Park nan,Penrith,Cumbria,CA10 1,+44 17683 61232
7faffaaf-2476-36e2-9b82-520d8653a671,Market Street Medical Practice,Market Street 92,Dalton-in-Furness,Cumbria,LA15 8,
2696956b-6821-36ae-938b-f5d2d0e841d7,Derwent House Surgery,,Cockermouth,Cumbria,CA13 9,
29479a49-f440-353d-8721-c7558f31ba98,Temple Sowerby Medical Practice,Linden Park nan,Penrith,Cumbria,CA10 1,+44 17683 61232
ca0c11fe-173c-3c13-bdb8-15e4667e5d40,Wigton Hospital,Cross Lane nan,Wigton,Cumbria,CA7 9,+44 16973 66600
f363c291-78a0-3cab-96ce-9b1c79083ee0,Eden Valley Hospice,Durdar Road nan,Carlisle,Cumbria,CA3 8,
492bb994-a59c-3af7-a0f9-b94084d07b66,Harraby Surgery,Eastern Way 1,Carlisle,Cumbria,CA3 8,+44 1228 515808
36b0e3f7-2211-32ce-b9b7-9e2860dbdfd9,Helme Chase Surgery,,Kendal,Cumbria,LA9 4,
e72d920e-8642-37d1-8582-4e2a062dc7ea,Wigton Hospital,Cross Lane nan,Wigton,Cumbria,CA7 9,+44 16973 66600
ea918b8a-ad08-3f24-8979-3fa5da572343,Cumberland Infirmary,,Carlisle,Cumbria,CA2 7,
182af8aa-c45b-35fe-a899-773943d68cfd,St. Mary's Surgery,Ambleside Road nan,Kendal,Cumbria,LA8 9,+44 15394 88484
c0a94915-8306-3802-ab6d-cf64bfd62a5e,St Mary's Hospice,,Ulverston,Cumbria,LA12 7,+44 1229 580305
581dcee2-3dc6-367b-b1d4-5db8f3142d21,Brampton Medical Practice,,Carlisle,Cumbria,CA4 8,
f0ffc385-3c8a-35d6-b7a2-b5ce525f49f2,Eden Valley Hospice,Durdar Road nan,Carlisle,Cumbria,CA3 8,
661aa6ec-ac20-3ad8-9e04-4d9182b66cce,Workington Community Hospital,,Workington,Cumbria,CA14 2,
9c368a7a-d073-3dcd-b795-1cbd82ee3212,Mary Hewetson Cottage Hospital,Crosthwaite Road nan,Keswick,Cumbria,CA12 5,+44 1768 245678
a4d7afc5-22aa-33d2-8d62-fc371bb74678,Millom Community Hospital,Lapstone Road nan,Millom,Cumbria,LA18 5,
442a43d2-5a5e-3c41-8582-c26cd00a685b,St Mary's Hospice,,Ulverston,Cumbria,LA12 7,+44 1229 580305
09e76d02-edaa-3f90-8696-05b59a7b2cda,Derwent House Surgery,,Cockermouth,Cumbria,CA13 9,
1821827a-526a-3d4f-bc6f-8b163febdc5d,St Mary's Hospice,,Ulverston,Cumbria,LA12 7,+44 1229 580305
f7eabf2a-3a9d-3a55-92b8-03c51c122af5,Seascale Health Centre,Gosforth Road nan,Seascale,Cumbria,CA20 1,+44 1946 7 28101
2987167d-1aa6-3669-8089-b6516829cb7b,Brampton Medical Practice,,Carlisle,Cumbria,CA4 8,
e597698d-54bf-3743-ad96-1db33df04e4f,Cumberland Infirmary,,Carlisle,Cumbria,CA2 7,
25127c28-a312-38de-afe8-91346ccd6707,Windermere Health Centre,Goodly Dale nan,Kendal,Cumbria,LA8 9,+44 15394 45159
6a8f4d8e-f6c9-3bc4-aaa5-99330b4bfc59,St. Mary's Surgery,Ambleside Road nan,Kendal,Cumbria,LA8 9,+44 15394 88484
b77e1b3a-1e1d-3078-9280-b6cde81067b1,Ruth Lancaster James Hospital,,Alston,Cumbria,CA9 3,
2001c96e-05ea-347a-918a-e19bb362ee12,St. Mary's Surgery,Ambleside Road nan,Kendal,Cumbria,LA8 9,+44 15394 88484
9319206e-8477-35e0-9417-c9037dfb2307,Cartmel Surgery,Haggs Lane nan,Grange-over-Sands,Cumbria,LA11 6,+44 15395 36366
aad6236b-90f1-3e37-9ffe-e04fd2b8a031,Cartmel Surgery,Haggs Lane nan,Grange-over-Sands,Cumbria,LA11 6,+44 15395 36366
1744d2e4-2ccc-3a4b-8658-7af75492cc7a,Seascale Health Centre,Gosforth Road nan,Seascale,Cumbria,CA20 1,+44 1946 7 28101
aa8494a4-ca9e-305a-9d1f-43246b0e4c03,Brampton Medical Practice,,Carlisle,Cumbria,CA4 8,
190eb371-ef64-3fea-8840-6754117abd98,Harraby Surgery,Eastern Way 1,Carlisle,Cumbria,CA3 8,+44 1228 515808
bcf92d11-3f87-3e08-a1fd-3bc861ed5d73,Furness General Hospital,,Barrow-in-Furness,Cumbria,LA14 1,
7a43f2b9-6c3a-3eb6-92eb-f19dcd557ad6,Wimpole Road Surgery,,Colchester,Essex,CO2 7,
918888c1-90e3-3f6f-bc20-e03eb04cb566,Phoenix Hospital,West Hanningfield Road nan,Chelmsford,Essex,CM2 6,
177065d4-b964-3407-acf3-0478c8affd00,Princess Alexandra Hospital,,Harlow,Essex,CM20 2,
dc1ac895-250b-371e-8a13-328b15c814a9,Jenner House,,Harlow,Essex,CM20 2,
f0661a51-118c-3757-a4ac-2405603b6589,Springfield Hospital,Lawn Lane nan,Chelmsford,Essex,CM2 6,+44 1245 952741
f3690219-121d-3ec7-baf3-206b747c1fa2,Chadwell Medical Centre,Brentwood Road 1,Grays,Essex,RM16 4,+44 1375 842289
faebfd52-d130-385e-8462-b34941d0e3f9,Saint Margaret's Hospital,,Epping,Essex,CM16 4,
156ec744-b2b5-3866-976d-5b0ff2d984bd,Chadwell Medical Centre,Brentwood Road 1,Grays,Essex,RM16 4,+44 1375 842289
30a58795-635d-3e2a-b04b-8c793524710c,Chadwell Medical Centre,Brentwood Road 1,Grays,Essex,RM16 4,+44 1375 842289
bc4beb50-c5ac-3832-a283-c6d59bfa86fa,Clacton Hospital,,Clacton-on-Sea,Essex,CO15 3,
589d5fe7-a276-3d28-8d27-a39b6d9e4033,Canvey Island Doctors Surgery,,,Essex,,
f74ae69a-0dda-34f2-81b8-b54eac383bf1,The High Wood Surgery,,Brentwood,Essex,CM14 4,
c528d314-3eb3-3d41-a5c9-fd38ccc934e4,The Grays Surgery,High Street 78,Grays,Essex,RM17 5,+44 1375 390717
288f3b7b-3fe7-3cc7-9ca0-778978054597,The Grays Surgery,High Street 78,Grays,Essex,RM17 5,+44 1375 390717
c0ea5698-9500-3f09-ab6f-7c25daffe936,Scott Park Surgery,Western Approaches 205,Southend-on-Sea,Essex,SS1 1,
4734a490-a93e-3872-8be3-291d875f158b,Hartswood Hospital,,Brentwood,Essex,CM14 4,
2db92fb1-5cc6-3328-bc18-3a6bbb4fec64,Collingwood Road Surgery,,Witham,Essex,CM8 2,
b3b0ab42-e103-3d21-ab5a-dcb681886751,Hutton Village Nursing Home,,Brentwood,Essex,CM14 4,
36c07a9e-ec36-3c26-a262-adb4db8d02e4,Princess Alexandra Hospital,,Harlow,Essex,CM20 2,
d17f4a2b-4f14-365d-993d-e61d032e617f,St Peter's Hospital,Spital Road nan,Maldon,Essex,CM9 5,
2c35bfe0-83a7-3ec8-86d5-e118931b6f0e,Chavasse V C House,,Colchester,Essex,CO2 7,
32b22aee-a303-3ff6-930a-4fcd6b86e529,Princess Alexandra Hospital,,Harlow,Essex,CM20 2,
ff138e7c-05f2-39af-ae09-5bdc10cad0c9,Broomfield Hospital,Court Road nan,Chelmsford,Essex,CM1 7,+44 1245 443673
b3a979ea-8e60-3d21-866f-36cb2ec68bbf,Sancta Maria Medical Centre,,South Ockendon,Essex,RM15 5,
593d9257-4cbc-3c88-99e1-e95563bda8b5,Dr S W Child Fronks Road Surgery,nan 77,Harwich,Essex,CO12 3,
ba724625-4eac-31bb-b07a-a118135536b7,Braintree Community Hospital,,Braintree,Essex,CM7 3,
e8f80d66-2dc3-338b-89ae-236e2fe06455,Braintree Community Hospital,,Braintree,Essex,CM7 3,
79decaef-3a68-38ec-8eda-1d8746afdcb2,Clacton Hospital,,Clacton-on-Sea,Essex,CO15 3,
8590c179-011b-3809-8813-7cb0fe6e4e0d,Saint Margaret's Hospital,,Epping,Essex,CM16 4,
e971aae5-d147-3359-85ae-6213a87c7569,Dr S W Child Fronks Road Surgery,nan 77,Harwich,Essex,CO12 3,
8bca177c-460f-39ff-b8b5-e09520cab2e5,North Road Primary Care Centre,,Westcliff-on-Sea,Essex,SS0 9,
2cf1dee3-6a33-3198-8dfc-1cf0e75d98b1,Kent Elms Health Centre,Rayleigh Road 1,Leigh-on-Sea,Essex,SS9 5,
06f18f18-c1b0-38e4-ac43-e1fe21d269f8,Collingwood Road Surgery,,Witham,Essex,CM8 2,
28b968ec-bd3b-3241-b12c-e4c5fd438810,Sutherlanfd Lodge Surgery,Baddow Road 115,Chelmsford,Essex,CM2 9,
875e68ce-0ca5-39fb-b12c-8347a6733030,The Laurels Surgery,Juniper Road nan,Chelmsford,Essex,CM3 3,+44 1245 467364
f347a3f8-0fa1-3fa6-9aaa-54d2e9463549,Rowhedge Medical Practice,,Colchester,Essex,CO4 3,
1ebef884-2586-3c4b-971a-d1e6cf364a29,Spire London East,,Woodford Green,Essex,IG8 0,
68b39414-d329-3a0b-8abd-070d4cd3f217,Humber Road Surgery,Humber Road 27,Chelmsford,Essex,CM2 6,+44 1245 204044
70c5565e-2604-323b-b1b6-0275b9bde6a2,St Aubyn Centre,,Colchester,Essex,CO4 5,
d2d9ced6-0d66-36eb-a028-d570e5d4881a,Queens Hospital,,Romford,Essex,RM1 3,
54c4d6ff-dd04-3d53-bc77-2edd93fe7f32,Wimpole Road Surgery,,Colchester,Essex,CO2 7,
4b4d9f0f-8472-38ae-a7fd-0481e69760b6,The Laurels Surgery,Juniper Road nan,Chelmsford,Essex,CM3 3,+44 1245 467364
ec47ab0e-9391-3a95-b3e2-a0602e05febb,Tiptree Medical Centre,,Colchester,Essex,CO5 0,
5164d01c-42ba-3c1d-8b16-e902ac59d66c,Shrub End Surgery,Shrub End Road 122,Colchester,Essex,CO2 7,
edf40810-cd80-34b6-b738-b3d4aff2cb2d,Kent Elms Health Centre,Rayleigh Road 1,Leigh-on-Sea,Essex,SS9 5,
a476fb58-0f4a-3bc8-98ec-d96e78fb462a,Nayland Surgery,Bear Street 93,Colchester,Essex,CO6 4,
a49cb920-6a18-3594-ab6e-ca1ad055764b,St Lukes Hospice,,Basildon,Essex,SS15 5,
d2cc578a-a305-33e9-b8bb-c400b7c64bad,Downhall Park Surgery,Rawreth Lane 49,Rayleigh,Essex,SS6 7,
f94a5b6e-14ac-30ba-ad46-50e69d5c2eb4,Chelmsford and Essex Centre,,Chelmsford,Essex,CM2 6,
b72d0073-750e-3776-a0cc-cf07906010d1,Frinton Medical Eye Centre,Connaught Avenue 86,Frinton-on-Sea,Essex,CO13 0,
bf5224d3-54ed-3f92-a908-7252e144a235,Newport Surgery,Frambury Lane nan,Saffron Walden,Essex,CB11 3,
72879527-94b2-35d6-b1f6-55e4abc35916,St Lukes Hospice,,Basildon,Essex,SS15 5,
5250db95-74d8-35e6-bff1-b976a8b1a44f,The Writtle Surgery,Lordship Road 16A,Chelmsford,Essex,CM1 3,
e56241de-3f57-3bd3-8b3e-324e9d4e5fdf,Canvey Island Doctors Surgery,,,Essex,,
7f5db14e-8824-3625-9c21-d1adc2a7a617,St Lukes Hospice,,Basildon,Essex,SS15 5,
e25efce7-710c-3b45-897c-4b623a33f50c,Shrub End Surgery,Shrub End Road 122,Colchester,Essex,CO2 7,
c2d1453e-a20c-3dce-9ece-7179eda34110,Wimpole Road Surgery,,Colchester,Essex,CO2 7,
b0cedfd3-e966-3cfd-807d-9ec679c28e98,Colchester General Hospital,,Colchester,Essex,CO4 5,
8257d1a3-e690-3b40-8a55-4d5d09797b00,Clacton Hospital,,Clacton-on-Sea,Essex,CO15 3,
743fde6b-69b5-31b1-9136-f9bfab4a873c,Southend University Hospital,,Westcliff-on-Sea,Essex,SS0 9,
95a61414-1dec-32e1-bf8b-b85ca8e3c758,Chapel Lane Surgery,,Colchester,Essex,CO7 7,
2330fe85-bfab-3483-9bcd-97510853b89a,Mountbatten House Surgery,,Chelmsford,Essex,CM2 6,
55730589-2a32-3ab3-be97-72f9868aba6b,Southend University Hospital,,Westcliff-on-Sea,Essex,SS0 9,
0c5f82cc-598a-3f62-975a-7e5b760667ce,Dilip Sabnis Medical Centre,Linford Road nan,Grays,Essex,RM16 4,+44 1375 851578
0622f354-c27c-3cff-8159-5be0a3d635a0,North Road Primary Care Centre,,Westcliff-on-Sea,Essex,SS0 9,
c184d098-d13e-3cd5-a5f0-aab975aacb9c,The High Wood Surgery,,Brentwood,Essex,CM14 4,
864b869c-5bc7-395c-9f03-5e9b0506fea4,The Castle Surgery,Falcon Square 10,Halstead,Essex,CO9 3,
adb8736e-9869-3665-bd1c-6295b94bc0e4,Rochford Hospital,,Rochford,Essex,SS4 1,
ed5ad157-4f6f-3804-afe2-aab689e512dd,Jenner House,,Harlow,Essex,CM20 2,
099175cd-b4cb-3782-a259-5ced9b6ca739,Kent Elms Health Centre,Rayleigh Road 1,Leigh-on-Sea,Essex,SS9 5,
4010c28c-6664-3a83-87c1-c320c496ed85,Downhall Park Surgery,Rawreth Lane 49,Rayleigh,Essex,SS6 7,
4ed475fb-4d54-3510-9155-b62cc31a6abe,Colchester General Hospital,,Colchester,Essex,CO4 5,
6b3eaa27-fc55-3b5a-9d74-7bd5bcb667f2,The Castle Surgery,Falcon Square 10,Halstead,Essex,CO9 3,
7dacd0ca-e969-397b-84ee-8e178e416575,Hassengate Medical Centre,,Stanford le Hope,Essex,SS17 0,
44863517-f3e4-3c7c-ad88-60747cc3a9b1,The Writtle Surgery,Lordship Road 16A,Chelmsford,Essex,CM1 3,
db4dcb1f-68f8-30f9-8a41-2a96bdfe86f5,Hartswood Hospital,,Brentwood,Essex,CM14 4,
ace380df-494b-3f83-bf5d-e1084add56a1,Chavasse V C House,,Colchester,Essex,CO2 7,
9d107319-d2c5-366f-a0d1-ff4cf6e7a1fb,The Grays Surgery,High Street 78,Grays,Essex,RM17 5,+44 1375 390717
d94a0943-531f-329b-8d64-0a69d5f585f4,Coggeshall Surgery,,Colchester,Essex,CO6 1,
dd19c0b5-1c49-3d1e-b37a-b344f1ab0948,Chavasse V C House,,Colchester,Essex,CO2 7,
062cb072-2bfb-384a-861d-a2adb4ff5122,Thurrock Community Hospital,,Grays,Essex,RM17 5,
5f01530a-7633-30ac-ab7f-c93f52563992,Dr S W Child Fronks Road Surgery,nan 77,Harwich,Essex,CO12 3,
77935ae0-da0f-344e-8d35-4d3fb7bd114c,Broomfield Hospital,Court Road nan,Chelmsford,Essex,CM1 7,+44 1245 443673
5d153d62-22f2-3823-99d2-0e8ba53de7da,Sancta Maria Medical Centre,,South Ockendon,Essex,RM15 5,
46dda9e3-f76e-38ab-8911-27e68ecf0bb3,Highwoods Surgery,Highwoods Square nan,Colchester,Essex,CO4 9,
862cce6f-b620-35db-999a-99c60eeb55bc,Noak Bridge Medical Centre,,Basildon,Essex,SS15 5,
5cbff4be-c001-37d5-a815-6804c5af5f80,Humber Road Surgery,Humber Road 27,Chelmsford,Essex,CM2 6,+44 1245 204044
34d6303b-632b-3fb9-891d-319b421ae873,Southend University Hospital,,Westcliff-on-Sea,Essex,SS0 9,
2aeac5f0-3834-31c0-bf23-f5d76129bcfe,Phoenix Hospital,West Hanningfield Road nan,Chelmsford,Essex,CM2 6,
f93f8b16-a43a-358b-8d9d-837caa89d479,Broomfield Hospital,Court Road nan,Chelmsford,Essex,CM1 7,+44 1245 443673
6d804642-86f3-3171-bbec-1e2d5c391f07,Mountbatten House Surgery,,Chelmsford,Essex,CM2 6,
a537f78b-ff91-32ad-ac59-3b3d5f1c97b7,Rowhedge Medical Practice,,Colchester,Essex,CO4 3,
0f05b2be-a611-3085-b1b3-119a7a45ecfa,Nayland Surgery,Bear Street 93,Colchester,Essex,CO6 4,
f3260c71-7b3b-364e-8a72-3801b13114ea,Blandford Medical Centre,Mace Avenue nan,Braintree,Essex,CM7 3,+44 1376 347100
e9b1a3cd-5f76-3ae3-a620-26237aea55f9,The Castle Surgery,Falcon Square 10,Halstead,Essex,CO9 3,
c6c6c41a-913c-3853-a172-6d8afdc2f25d,The Laurels Surgery,Juniper Road nan,Chelmsford,Essex,CM3 3,+44 1245 467364
0f631b26-af8d-37af-8949-f8794399a5c0,Queens Hospital,,Romford,Essex,RM1 3,
416afddd-e95c-3d49-9dc4-be64005b5f76,St Aubyn Centre,,Colchester,Essex,CO4 5,
2794552f-3ce5-39e1-9d72-dce476a0639b,St Aubyn Centre,,Colchester,Essex,CO4 5,
52418989-9218-33d2-bea6-816e67dd1b8e,Blandford Medical Centre,Mace Avenue nan,Braintree,Essex,CM7 3,+44 1376 347100
7972f604-1948-3458-8d0c-48691b65207e,Scott Park Surgery,Western Approaches 205,Southend-on-Sea,Essex,SS1 1,
779f3143-8140-3569-80ae-68f1cb233b27,Spire London East,,Woodford Green,Essex,IG8 0,
6daa7081-55fe-3d43-8f2a-3393ed0bd933,Chapel Lane Surgery,,Colchester,Essex,CO7 7,
80f05e43-37b7-3f8f-810c-dfd9a89e913e,Hassengate Medical Centre,,Stanford le Hope,Essex,SS17 0,
2378c37f-57c5-31a5-b805-13a621307e39,Oaklands Nursing Home,,Basildon,Essex,SS15 5,
dfa84f32-46cf-38c8-a2cb-822a732aaa36,Knights Surgery,,Basildon,Essex,SS15 5,
bf9c8869-d565-3bc7-8f19-cb83cea06b16,Tiptree Medical Centre,,Colchester,Essex,CO5 0,
2b729015-e7c5-3444-a0b1-fc54ed0fceb4,The Writtle Surgery,Lordship Road 16A,Chelmsford,Essex,CM1 3,
63b08549-c301-30c8-9598-c9adfe1e2d1c,Canvey Island Doctors Surgery,,,Essex,,
9ba22c55-1530-364a-b6a4-f2ca5225d037,Braintree Community Hospital,,Braintree,Essex,CM7 3,
e17e3a46-dca5-3cca-981e-18eb8b80d537,Noak Bridge Medical Centre,,Basildon,Essex,SS15 5,
dd2c11ed-272c-35c3-ab35-2d4654becaf7,Oaklands Nursing Home,,Basildon,Essex,SS15 5,
e40e9b9d-3f12-372d-a620-5d15b901ac18,Phoenix Hospital,West Hanningfield Road nan,Chelmsford,Essex,CM2 6,
237c3963-2685-36fc-bb53-bcb170e57c5d,Chelmer Village Surgery,,Chelmsford,Essex,CM2 6,
3fd59de1-f392-317b-8f43-0b67214fe4a5,Thurrock Community Hospital,,Grays,Essex,RM17 5,
23b72dd9-b7f2-3ab3-9242-b9ac47887657,Newport Surgery,Frambury Lane nan,Saffron Walden,Essex,CB11 3,
41aa7359-a223-373c-b058-ba1636ce7d53,Chelmer Village Surgery,,Chelmsford,Essex,CM2 6,
67fcd48e-cfd9-311e-be3c-b2dec0e54b92,Sancta Maria Medical Centre,,South Ockendon,Essex,RM15 5,
92101528-8aaf-38e2-a512-bfb176ae12d3,Danbury Medical Centre,Maldon Road 52,Chelmsford,Essex,CM3 4,
6a242d23-239c-3e74-b8bf-93b9ca78149c,Thurrock Community Hospital,,Grays,Essex,RM17 5,
7b023bfd-c35d-3dc1-ac34-80082d199966,Highwoods Surgery,Highwoods Square nan,Colchester,Essex,CO4 9,
d12beb60-7ffa-3c01-ab67-61115ec7ddda,Saint Margaret's Hospital,,Epping,Essex,CM16 4,
ce94d2c8-3b07-35f3-b42f-132bc7e8572f,Basildon University Hospital,Nether Mayne nan,Basildon,Essex,SS15 5,+44 1268 524900
1e909469-ed37-3ae5-9214-6e9758ef9ede,Noak Bridge Medical Centre,,Basildon,Essex,SS15 5,
5e261fd3-ee85-3ee0-81b5-d59179201087,Basildon University Hospital,Nether Mayne nan,Basildon,Essex,SS15 5,+44 1268 524900
87a26587-5eee-3099-8f5e-8fad9fd4c42e,Oaklands Nursing Home,,Basildon,Essex,SS15 5,
40669d3a-8a16-399d-b8f0-d953b2f0bc38,Old Rectory,,Colchester,Essex,CO2 7,
9c50ea74-22a7-31d1-b364-e072b3e3e591,Southbourne Grove Surgery,Southbourne Grove 314,Westcliff-on-Sea,Essex,SS0 9,
bbf1cfdd-8215-3bbe-a4c2-457e660516ab,Coggeshall Surgery,,Colchester,Essex,CO6 1,
ee768754-b4f0-33c7-8eb0-811d7f9536a4,Chapel Lane Surgery,,Colchester,Essex,CO7 7,
5aa09313-dede-3b4b-80ed-2f3d09662b6b,Southbourne Grove Surgery,Southbourne Grove 314,Westcliff-on-Sea,Essex,SS0 9,
83cea393-15b1-3ed9-a784-9ccfb2d40e6b,Colchester General Hospital,,Colchester,Essex,CO4 5,
a0c984a1-0134-3955-a5f6-e6f06c0fdd7c,Knights Surgery,,Basildon,Essex,SS15 5,
16004265-ed06-3d8c-83df-0138c4a53fcf,Blandford Medical Centre,Mace Avenue nan,Braintree,Essex,CM7 3,+44 1376 347100
7327f329-9d22-3bef-a06c-c8c840d21b9b,Humber Road Surgery,Humber Road 27,Chelmsford,Essex,CM2 6,+44 1245 204044
5580c6da-75fc-3746-9f0e-59d6081edbbf,Hutton Village Nursing Home,,Brentwood,Essex,CM14 4,
14809669-f07e-332c-a62d-ebcf7857beaa,Sutherlanfd Lodge Surgery,Baddow Road 115,Chelmsford,Essex,CM2 9,
11e64fce-36b3-3258-81b3-7d5eee6da187,Newport Surgery,Frambury Lane nan,Saffron Walden,Essex,CB11 3,
e0542eeb-0e50-35ff-91b0-b25dc5e4c6fe,Southbourne Grove Surgery,Southbourne Grove 314,Westcliff-on-Sea,Essex,SS0 9,
80a2d30d-4ef1-3265-a287-f796fe00dbcd,Coggeshall Surgery,,Colchester,Essex,CO6 1,
15b16e9f-e9e2-3a3e-b712-8b33da047365,Sutherlanfd Lodge Surgery,Baddow Road 115,Chelmsford,Essex,CM2 9,
39663604-8e31-3e56-b08d-219f2d54bd87,Old Rectory,,Colchester,Essex,CO2 7,
33074999-344d-34e4-8907-2e06f255eb5b,Downhall Park Surgery,Rawreth Lane 49,Rayleigh,Essex,SS6 7,
0273772b-8bb6-346a-8066-1d419c1f8ffa,Basildon University Hospital,Nether Mayne nan,Basildon,Essex,SS15 5,+44 1268 524900
9d86108d-9783-3e17-94f4-a1ae203a6743,Scott Park Surgery,Western Approaches 205,Southend-on-Sea,Essex,SS1 1,
4cbb091b-7b9b-3467-a561-3b0e1ec8aae1,Rowhedge Medical Practice,,Colchester,Essex,CO4 3,
b68fa41e-4735-3b7a-b5b2-965b3462d833,Chelmsford and Essex Centre,,Chelmsford,Essex,CM2 6,
885b710f-7338-36f9-814f-f8df604fa5ba,Hutton Mount Surgery,,Brentwood,Essex,CM14 4,
28668db8-5791-3c9f-9539-17309418e1db,Dilip Sabnis Medical Centre,Linford Road nan,Grays,Essex,RM16 4,+44 1375 851578
097c33bd-7c91-3302-a16f-754df094c350,Frinton Medical Eye Centre,Connaught Avenue 86,Frinton-on-Sea,Essex,CO13 0,
59bc7845-d9f5-3b30-a72a-b6a608c94622,Danbury Medical Centre,Maldon Road 52,Chelmsford,Essex,CM3 4,
8c3741bd-99fc-37a3-8d92-f2f1519fef58,Dilip Sabnis Medical Centre,Linford Road nan,Grays,Essex,RM16 4,+44 1375 851578
4fe3da4d-7e22-396a-810c-d17cb6c31bcd,Beauchamp House Surgery,Baddow Road 37,Chelmsford,Essex,CM2 6,
a19623dd-7d67-34ae-81d5-9bc7deee7d89,Beauchamp House Surgery,Baddow Road 37,Chelmsford,Essex,CM2 6,
1c5d114c-2522-34fa-90ab-4509f69b6eaa,Hutton Mount Surgery,,Brentwood,Essex,CM14 4,
19c462f4-d982-3c61-9ccc-138f43176f9d,Chelmsford and Essex Centre,,Chelmsford,Essex,CM2 6,
daecb72d-6e13-358e-8370-03a844ab40b8,Highwoods Surgery,Highwoods Square nan,Colchester,Essex,CO4 9,
0fcc7000-d086-3b66-a53f-4090864b3f6e,Old Rectory,,Colchester,Essex,CO2 7,
e5705f12-25a7-32ae-beaf-6067036a3797,St Peter's Hospital,Spital Road nan,Maldon,Essex,CM9 5,
874a340a-9abb-31c2-9b6b-70166b882380,Beauchamp House Surgery,Baddow Road 37,Chelmsford,Essex,CM2 6,
0464948e-152d-3f6b-bf90-d992c9e65fbf,Nayland Surgery,Bear Street 93,Colchester,Essex,CO6 4,
ce8b8763-7de6-348f-9bc5-c08d7f5c3c84,The High Wood Surgery,,Brentwood,Essex,CM14 4,
9c197d5f-d008-3002-9bfe-d4f3e9f1bed4,Chelmer Village Surgery,,Chelmsford,Essex,CM2 6,
85148e87-5439-3da6-bd80-a9a560f33373,Rochford Hospital,,Rochford,Essex,SS4 1,
51a44c78-5a99-3441-87da-0a1bfbf47c52,Mountbatten House Surgery,,Chelmsford,Essex,CM2 6,
72a2116b-c5a7-3bb2-8f38-e34c5033e3d6,North Road Primary Care Centre,,Westcliff-on-Sea,Essex,SS0 9,
bb93fd3d-47df-3fc7-9bc4-e188ab8e9132,Rochford Hospital,,Rochford,Essex,SS4 1,
e76fee77-4479-34d7-8fef-d5c17067d06f,Hassengate Medical Centre,,Stanford le Hope,Essex,SS17 0,
7144aa0c-0664-32de-9b1e-8d3ac32fdc92,Jenner House,,Harlow,Essex,CM20 2,
0007e019-bf4b-3aa1-b829-a097246b6869,Collingwood Road Surgery,,Witham,Essex,CM8 2,
0eca445c-c6eb-36d2-958c-9a39d3bbde13,Shrub End Surgery,Shrub End Road 122,Colchester,Essex,CO2 7,
d53c3dcc-82f8-36bc-afa4-a308362e9578,Danbury Medical Centre,Maldon Road 52,Chelmsford,Essex,CM3 4,
5776b82e-7fe5-3442-85d4-c03128993828,Springfield Hospital,Lawn Lane nan,Chelmsford,Essex,CM2 6,+44 1245 952741
7038e0e8-00c5-3b8d-ab26-9517b9298c33,Stratheden Hospital,,,Fife,KY15 5,
747ba2c6-f133-30ac-98b4-ccdc38e17071,Valleyfield Health Centre,,Dunfermline,Fife,KY12 8,
9f7873e3-088d-3f49-83e7-eb5417fdf64b,Kelty Medical Practice,Main Street 80,Kelty,Fife,KY4 0,+441383 831281
67ed6ffd-0bb3-3101-aa57-9230f0d16b91,Crossgates Medical Practice,Main Street 94,Cowdenbeath,Fife,KY4 8,
b6bff08d-753b-3064-b04e-2dab794cedc8,Crossgates Medical Practice,Main Street 94,Cowdenbeath,Fife,KY4 8,
196de635-597d-3638-9a23-759bff550561,Auchtermuchty Health Centre,,Cupar,Fife,KY14 7,
75a4e71c-4db9-3772-a1dc-68ae0701d88d,Lynebank Hospital,,Dunfermline,Fife,KY11 8,
4af13849-f777-3983-8f89-23638c003d28,Cos Lane Medical Practice,,Glenrothes,Fife,KY7 5,
0c73b4b5-d435-37ec-96a1-9845bbae410f,New Park Medical Practice,,Dunfermline,Fife,KY12 0,
79cd4871-feea-35c7-812a-acc1527f9a5d,Hospital Hill Surgery,,Dunfermline,Fife,KY12 0,
ef5c2706-fd90-389c-8eb6-6efa88614835,Whyteman's Brae Hospital,,Kirkcaldy,Fife,KY1 1,
23f21f1d-d119-3ed7-ba97-b54e1d130337,Charlestown Surgery,,Dunfermline,Fife,KY11 3,
d3676c23-4290-318e-9912-1ed8b1e61e1c,Cameron Hospital,,Leven,Fife,KY8 5,
11f8b077-ea4d-362d-8f75-d1b56261e9c6,Bennochy Medical Centre,Bennochy Road 65,Kirkcaldy,Fife,KY1 1,
4adb784a-365c-3ae9-99f7-0c505f2c23aa,Kinghorn Health Centre,,Burntisland,Fife,KY3 9,
270aadb7-5c89-33b4-b0c9-f8995522cd3b,St Andrews Community Hospital,,St Andrews,Fife,KY16 9,
9247ac82-236f-3c00-b699-5e26c68f53dd,Adamson Hospital,,Cupar,Fife,KY15 4,
cae9249d-29cb-3dcd-8838-8ac86705a20f,Charlestown Surgery,,Dunfermline,Fife,KY11 3,
bb84ee04-f1e3-366e-bdd6-45a48e88fc8b,Park Road Surgery,Park Road nan,Dunfermline,Fife,KY11 2,+44 1383 418931
bd1464ef-9a3d-3477-a1da-dd59b5676072,Ladybank Clinic,,Cupar,Fife,KY15 7,
bd69df18-53fe-3e53-9c45-0879b128e775,Glenrothes Hospital,,Glenrothes,Fife,KY7 5,
c92687da-456c-3685-9ac6-a084ee5179db,Dalgety Bay Health Centre,Regents Way nan,Dunfermline,Fife,KY11 9,
bb0f7f19-bf14-37d0-8628-9dd41674c59e,Queen Margaret Hospital,Whitefield Road nan,Dunfermline,Fife,KY12 0,
8a0182d6-a388-3295-ae0b-638e3cf01ad7,St Andrews Community Hospital,,St Andrews,Fife,KY16 9,
8deb2aae-8fbe-3f41-bb25-aedbbd2bf5c8,Pitcairn Practice,Main Street 11,St Andrews,Fife,KY16 0,
1e5ce432-fc9a-391b-973d-630a9bfdc2fd,New Park Medical Practice,,Dunfermline,Fife,KY12 0,
b8c3c063-3b58-3a14-a5a0-56ca8085fc37,Ladybank Clinic,,Cupar,Fife,KY15 7,
4afb66b6-fa71-33e2-97f3-070bb8b954f2,Kinghorn Health Centre,,Burntisland,Fife,KY3 9,
ac1d3379-6d48-3abd-891e-f91f38fd7dc7,Inverkeithing Medical Group,Friary Court 5,Inverkeithing,Fife,KY11 1,
1735b976-c607-3313-8804-36e7b319d035,Cameron Hospital,,Leven,Fife,KY8 5,
15c4848c-db35-3f7e-8516-ee13aa82dfd6,Pitteuchar Health Centre,Glamis Avenue nan,Glenrothes,Fife,KY7 5,
392e8f30-f38e-3706-b902-cd85c200b3d4,Hospital Hill Surgery,,Dunfermline,Fife,KY12 0,
3d326e61-1da6-347e-8181-7a197cb5b69d,Glenrothes Hospital,,Glenrothes,Fife,KY7 5,
704b327f-137f-3022-8be6-126cd6c7261d,Kirkcaldy Health Centre,,Kirkcaldy,Fife,KY1 1,
83605b38-5b3c-3f84-bed1-349ad1347058,Skeith Health Centre,,Anstruther,Fife,KY10 3,
4a99397a-8a02-325f-ae78-59d537c5bdd0,Glenwood Health Centre,,Glenrothes,Fife,KY7 5,
8bcee04c-79e7-3d2f-8ce1-5ff58a596175,Victoria Hospital,Hayfield Road nan,Kirkcaldy,Fife,KY1 1,+441592 643355
a6fe61a3-3ac8-333f-afa8-5f6a27a3c1f2,Pitteuchar Health Centre,Glamis Avenue nan,Glenrothes,Fife,KY7 5,
6092d0e3-77c8-3e19-bbbd-70951643d6b4,Crossgates Medical Practice,Main Street 94,Cowdenbeath,Fife,KY4 8,
bdb30c53-125e-33fd-9f80-8e5ea7651696,Glenwood Health Centre,,Glenrothes,Fife,KY7 5,
355d5ffe-c5af-3632-92b5-003cbe81d8d0,Masterton Health Centre,Somerville Street nan,Burntisland,Fife,KY3 9,
196846e1-f814-382d-8225-e57382e7c475,Masterton Health Centre,Somerville Street nan,Burntisland,Fife,KY3 9,
10db4ea8-d7a3-31cb-801f-a4e2505655ad,Kelty Medical Practice,Main Street 80,Kelty,Fife,KY4 0,+441383 831281
5832ddaa-6322-3568-beb7-b7b08dac84e3,Glenrothes Hospital,,Glenrothes,Fife,KY7 5,
f587e8a5-4bad-30ac-af77-4747ea9d0efd,Millhill Surgery,,Dunfermline,Fife,KY12 0,
caefd15c-e4e0-3a5e-b486-a2a5bc659955,Skeith Health Centre,,Anstruther,Fife,KY10 3,
1adc8aef-98ad-3d82-ad4a-1b39a8a903e0,Randolph Wemyss Memorial Hospital,,Leven,Fife,KY8 1,
befc346d-f6c0-379a-8300-75d6b8f56121,New Park Medical Practice,,Dunfermline,Fife,KY12 0,
66ab1dcc-3e5f-3309-8745-6a02dbeee395,Dalgety Bay Health Centre,Regents Way nan,Dunfermline,Fife,KY11 9,
21edcb73-8a26-3842-a32b-3da8743b173b,Stratheden Hospital,,,Fife,KY15 5,
f46eac04-ccd3-3d4b-8f85-9c2fa32e5a8b,Markinch Medical Practice,High Street 19,Glenrothes,Fife,KY7 6,+44 1592 610640
304e8ef1-22ce-3f38-99f0-bd9514a38f21,Randolph Wemyss Memorial Hospital,,Leven,Fife,KY8 1,
9660e449-8584-375a-9eca-31a13989928e,Primrose Lane Medical Centre,Jutland Street 3-5,Dunfermline,Fife,KY11 2,
07192ffb-b05d-3cf1-a14b-201f427c1ea7,St Andrews Community Hospital,,St Andrews,Fife,KY16 9,
b6ea1d1f-b87f-37e6-9f21-608581a306b4,Lynebank Hospital,,Dunfermline,Fife,KY11 8,
9e02d1c5-abe2-35ca-a553-e402e14106c9,Primrose Lane Medical Centre,Jutland Street 3-5,Dunfermline,Fife,KY11 2,
244c0688-1d07-3fe1-92b0-6061f9bbfbc9,Lynebank Hospital,,Dunfermline,Fife,KY11 8,
b258dfdf-81d7-3141-915e-08b78ed6d1a5,Victoria Hospital,Hayfield Road nan,Kirkcaldy,Fife,KY1 1,+441592 643355
97b5da57-218a-3c50-b332-014964157007,Randolph Wemyss Memorial Hospital,,Leven,Fife,KY8 1,
90b1a4e8-800e-3d21-b0e5-395658bbc8e0,Valleyfield Health Centre,,Dunfermline,Fife,KY12 8,
ac95ad93-46ac-3af0-a989-ed2a255bdab5,Skeith Health Centre,,Anstruther,Fife,KY10 3,
6f0d3c41-4a11-3b54-b1be-8a6e425ef3d0,Kinghorn Health Centre,,Burntisland,Fife,KY3 9,
87917049-8965-3cde-9756-44c84be9203c,Glenwood Health Centre,,Glenrothes,Fife,KY7 5,
1cdc8e52-49ed-3071-87ff-2ef20e5208e6,Park Road Surgery,Park Road nan,Dunfermline,Fife,KY11 2,+44 1383 418931
ef869462-6de2-3169-bbba-641c5ad14f76,Whyteman's Brae Hospital,,Kirkcaldy,Fife,KY1 1,
7a4616c0-f13d-36ab-8b6a-3f2ab1e27936,Pitteuchar Health Centre,Glamis Avenue nan,Glenrothes,Fife,KY7 5,
f78463c6-43c5-3e27-97c5-db2eb0556281,Adamson Hospital,,Cupar,Fife,KY15 4,
e3adfae1-a2a5-3cb7-be9c-43595c1e1c74,Dental Centre,,Glenrothes,Fife,KY7 5,
398a39e9-1ad1-3f4f-92c1-8ae1cebc88a0,Cos Lane Medical Practice,,Glenrothes,Fife,KY7 5,
2f2306df-8e6e-3502-b6e1-39f6e06f7f92,Cowdenbeath Medical Practice,,Cowdenbeath,Fife,KY4 9,
2624b6b8-77d8-3725-afc3-ce36b5577fe9,Bennochy Medical Centre,Bennochy Road 65,Kirkcaldy,Fife,KY1 1,
758461fe-36f2-3373-8998-8ce3fcaedd01,Inverkeithing Medical Group,Friary Court 5,Inverkeithing,Fife,KY11 1,
8845f6a3-af02-32bd-b9b1-b5229d68c8c3,Bellyeoman Surgery,,Dunfermline,Fife,KY12 0,
562d487e-3f4e-37f4-b406-71396bd2e2b3,Bellyeoman Surgery,,Dunfermline,Fife,KY12 0,
3043835a-0e05-30a9-9f97-3a62781336f3,Pitcairn Practice,Main Street 11,St Andrews,Fife,KY16 0,
92d0623c-4625-3361-baf8-8537c9c5fb37,Dental Centre,,Glenrothes,Fife,KY7 5,
adba81ce-02ac-3f6d-9896-ce5c715258bd,Millhill Surgery,,Dunfermline,Fife,KY12 0,
36f30606-c74f-3344-a1f4-c96fba869d36,Dalgety Bay Health Centre,Regents Way nan,Dunfermline,Fife,KY11 9,
b48605ef-c08a-3ee7-a751-a0fb93817309,Dental Centre,,Glenrothes,Fife,KY7 5,
5e2e09f1-001e-3862-8c02-d607e414362a,Adamson Hospital,,Cupar,Fife,KY15 4,
ac20811b-86bd-34cd-ba15-b370efb2cfd0,Hospital Hill Surgery,,Dunfermline,Fife,KY12 0,
0bcf7f7b-8837-337d-ab3a-3b1571e3c349,Cowdenbeath Medical Practice,,Cowdenbeath,Fife,KY4 9,
b556ca4c-e34c-31a4-afc4-3b928b528105,Kirkcaldy Health Centre,,Kirkcaldy,Fife,KY1 1,
238dbbbe-2c4e-3faa-baba-22c994ac086d,Charlestown Surgery,,Dunfermline,Fife,KY11 3,
6b5eb483-db18-31bf-a38c-2013c7cb65ee,Inverkeithing Medical Group,Friary Court 5,Inverkeithing,Fife,KY11 1,
cc70b567-2677-3cc3-a665-4a3fa6766a8e,Kirkcaldy Health Centre,,Kirkcaldy,Fife,KY1 1,
c4d1246d-092f-3c18-b09c-436e57e45124,Whyteman's Brae Hospital,,Kirkcaldy,Fife,KY1 1,
94340bf9-50bb-31e1-90b5-b6186ecb1870,Cameron Hospital,,Leven,Fife,KY8 5,
7db899ef-242d-33c7-a63f-9190e56611ca,Bellyeoman Surgery,,Dunfermline,Fife,KY12 0,
b2014dc8-4705-36fa-a7ff-4d06381ff033,Ladybank Clinic,,Cupar,Fife,KY15 7,
bfabb79b-c01a-3199-9457-b3ee810dd867,Cos Lane Medical Practice,,Glenrothes,Fife,KY7 5,
3ecab224-5c7b-3e8f-b5c8-f3a5aa5518ad,Kelty Medical Practice,Main Street 80,Kelty,Fife,KY4 0,+441383 831281
93158e9b-0968-33dd-a6b3-adf0207cf185,Pitcairn Practice,Main Street 11,St Andrews,Fife,KY16 0,
2c70fd2c-f251-366e-bd77-fef9ef84bfb5,Auchtermuchty Health Centre,,Cupar,Fife,KY14 7,
b013d8fa-7a36-355c-88fe-dbb997601f16,Masterton Health Centre,Somerville Street nan,Burntisland,Fife,KY3 9,
3b2f3ff9-5095-3eb1-bb8d-64c494363641,Auchtermuchty Health Centre,,Cupar,Fife,KY14 7,
1072b709-cdb2-34c5-9ba2-198b20075811,Markinch Medical Practice,High Street 19,Glenrothes,Fife,KY7 6,+44 1592 610640
4d8cbf09-e654-3446-aee7-51de8a9e2282,Valleyfield Health Centre,,Dunfermline,Fife,KY12 8,
b5eb4e71-83d2-3406-9cff-97a783304ff5,Stratheden Hospital,,,Fife,KY15 5,
4aa6df98-e18f-3c6c-942c-2bd9777c1955,Queen Margaret Hospital,Whitefield Road nan,Dunfermline,Fife,KY12 0,
c6a36579-2151-3f62-bbfc-f013a4c3c9b5,Bennochy Medical Centre,Bennochy Road 65,Kirkcaldy,Fife,KY1 1,
fec760fc-ef31-3eec-a7a1-6e2264267961,Cowdenbeath Medical Practice,,Cowdenbeath,Fife,KY4 9,
1183d962-2a6e-33b9-b5d8-0ce5f5258dfe,Victoria Hospital,Hayfield Road nan,Kirkcaldy,Fife,KY1 1,+441592 643355
77614ea5-96d6-3c35-b54e-d3041cda8450,Park Road Surgery,Park Road nan,Dunfermline,Fife,KY11 2,+44 1383 418931
a3af3f26-2ac2-378e-bfa9-1fe7847d4d39,Primrose Lane Medical Centre,Jutland Street 3-5,Dunfermline,Fife,KY11 2,
0f4c2bcc-fe6f-35b3-b244-0bdae37cf7a5,Markinch Medical Practice,High Street 19,Glenrothes,Fife,KY7 6,+44 1592 610640
13f136ae-b136-3c7c-b3ba-b9336c24a91a,Millhill Surgery,,Dunfermline,Fife,KY12 0,
4911213c-80ec-3ac1-a895-0b998bb9531d,New Ash Green Surgery,,Longfield,Kent,DA3 8,
458e8143-ae5b-32ad-9a9e-632349e9fd34,Highcliffe Medical Practice,Hermitage Road nan,Rochester,Kent,ME3 7,
c5b0e50c-7a12-3da2-8c92-d9fe9dbc0a53,College Road Clinic,,Margate,Kent,CT9 1,
02e3bd31-2473-37de-a7d4-d9eb72d4cdc5,Sydenham House Medical Centre,Mill Court nan,Ashford,Kent,TN23 1,+44 1233 645851
63999baf-da6b-3a16-b3cf-bac5a2ca4b2d,Ivy Court Surgery (temporary Location),,Tenterden,Kent,TN30 6,
31d4c0b2-daf5-33ab-bcca-8972476c93b4,Rusthall Medical Centre,,Tunbridge Wells,Kent,TN4 8,
1ec72224-6a33-35d4-98d2-ec93982bbd55,Highcliffe Medical Practice,Hermitage Road nan,Rochester,Kent,ME3 7,
e0271911-12f5-34da-847f-d4ebcaffa4e6,St Mary's Island Surgery,,Gillingham,Kent,ME7 4,+441634890712
d17b4772-de97-35f2-827c-72314b85e17d,Chartham Surgery,,Canterbury,Kent,CT4 7,
8b29f8e0-925e-3028-9f31-b23ede5beac5,Darent Valley Hospital,,Dartford,Kent,DA1 1,
0f262f93-924b-3139-bee8-1e0e8860b83c,Crayford Town Surgery,,Dartford,Kent,DA1 4,
72153992-093e-3195-be1b-49f3a43f5c1a,William Harvey Hospital,,Ashford,Kent,TN23 1,
b2b58495-9b3e-38bf-80c2-2861bbda1c65,Headcorn Surgery,,Ashford,Kent,TN27 9,
0f9eda1b-6376-3702-8912-8a9bd8a8f540,New Ash Green Surgery,,Longfield,Kent,DA3 8,
2270c91b-0ac2-335e-8b40-2f7932097dbe,Meopham Medical Centre,,Gravesend,Kent,DA13 0,
c1dfa8a0-70d7-360f-b9d9-cca1d11d4b6d,Willesborough Health Centre,,Ashford,Kent,TN24 0,
679b3c8e-29e5-3ea5-a579-f7781320b9e9,The Maidstone Hospital,,Maidstone,Kent,ME16 9,
a23bff0b-1325-33dc-81a6-4703b5021261,Cuxton Medical Centre,Wood Street 19A,Rochester,Kent,ME2 1,
398e07f2-a5a3-36d1-83e2-9926f21507df,Lyminge Surgery,,Folkestone,Kent,CT18 8,
3d133cbb-06f8-3650-af72-afef9478cca2,Swanscombe Health Centre,,Swanscombe,Kent,DA10 0,
4412feca-05ae-393a-9837-a496928936d2,Queen Victoria Memorial Hospital,,Herne Bay,Kent,CT6 5,
bac54efa-766f-337c-bce5-1926566af985,Cuxton Medical Centre,Wood Street 19A,Rochester,Kent,ME2 1,
5326a526-b6e3-3d76-9014-3af479196595,Kingsnorth Medical Practice,,Ashford,Kent,TN23 3,
7c8640b8-3bba-3cf9-bf24-e38654d57a2e,Broadstairs Health Centre,,Broadstairs,Kent,CT10 1,
3d94e845-0073-30bd-a09c-6a7b2535555b,Whitstable and Tankerton Hospital,,Whitstable,Kent,CT5 1,
683688b2-ac59-3455-a8fb-9e606bab3e6e,New Dover Road Surgery,New Dover Road 10,Canterbury,Kent,CT1 2,+44 1227 462197
d84dd5e0-4cb9-38f9-8964-c8f7190bce84,Lyminge Surgery,,Folkestone,Kent,CT18 8,
1f18a071-e190-3ec8-9ad4-e83a54b684b1,Amhurst Medical Practice  Brasted Practice,High Street nan,Sevenoaks,Kent,TN13 1,
3e60465b-2c08-3404-9fea-cc828403c90c,Medway Maritime Hospital,Windmill Road nan,Gillingham,Kent,ME7 5,+44 1634 830000
05819b5b-fca6-36fb-936b-421110919eb6,Highcliffe Medical Practice,Hermitage Road nan,Rochester,Kent,ME3 7,
3dc5b902-ecd2-3bf6-a705-63ee3382d5a4,Royal Victoria Hospital and Folkestone Minor Injury Unit,,Folkestone,Kent,CT19 5,
0fe1656d-a0f5-3c44-a7e4-94f9c91a68af,Queen Elizabeth The Queen Mother Hospital,,Margate,Kent,CT9 4,
4371e97a-bd29-341b-8248-b4d23ea16259,The London Road Medical Centre,London Road 32,Sittingbourne,Kent,ME10 4,
7c3d135b-5ac6-35a6-869a-502ccd574ce7,Amhurst Medical Practice  Brasted Practice,High Street nan,Sevenoaks,Kent,TN13 1,
715ed011-5513-33dd-9d93-ba271e05239a,Little Brook Hospital,Bow Arrow Lane nan,Dartford,Kent,DA2 6,+44 1322622222
7e90aa5d-b052-323d-a723-698e09ac2132,Otford Medical Centre,,Sevenoaks,Kent,TN14 5,
6f70f732-eb94-3e01-81ca-0aa5b572a00a,Cygnet Hospital Godden Green,,Sevenoaks,Kent,TN13 1,+441732763491
232e7a63-da7f-3247-803c-49728bcabfde,Sheppey Community Hospital,,,Kent,,
e865dbbb-83a8-3110-9248-7764fceae883,Swanscombe Health Centre,,Swanscombe,Kent,DA10 0,
eb19f5a6-8664-3a06-be06-4bc0cfdad1a1,Will Adams NHS Treatment Centre,,Gillingham,Kent,ME7 4,
3234cc19-337c-37d2-9972-e1e737a11fb3,Whitstable and Tankerton Hospital,,Whitstable,Kent,CT5 1,
26591344-c71e-3076-be8d-685bf38de4ee,Kingswood Surgery,,Tunbridge Wells,Kent,TN1 1,
fcb24483-139c-3048-8d31-dc793867e6ec,Oakfield Health Centre,Windsor Road nan,Gravesend,Kent,DA11 7,
a6549dc6-65f0-397e-8f94-8e7131d52f3d,Kent and Canterbury Hospital,Ethelbert Road nan,Canterbury,Kent,CT1 2,
43ddcff2-c675-37b9-97bd-1bbc03987890,The London Road Medical Centre,London Road 32,Sittingbourne,Kent,ME10 4,
bdbe7421-24fa-3727-b354-8a101ca3382d,Rusthall Medical Centre,,Tunbridge Wells,Kent,TN4 8,
4acacb0a-2282-3216-81e7-c290641d6dba,Little Brook Hospital,Bow Arrow Lane nan,Dartford,Kent,DA2 6,+44 1322622222
68013caa-08ac-3c82-8396-bcf392ad2f6f,The London Road Medical Centre,London Road 32,Sittingbourne,Kent,ME10 4,
b6ecafa3-c698-38bb-bd3c-7b71c9613165,Darent Valley Hospital,,Dartford,Kent,DA1 1,
8d9310dd-0a16-35ee-b324-f4910bf1f4a2,Oaklands Health Centre,Stade Street nan,Hythe,Kent,CT21 5,
a0fd521e-2af7-328d-88d1-4ab64788d62d,The Surgery,Old Road nan,Canterbury,Kent,CT4 6,
ae6ca4a7-d828-3b56-a0d4-f222aff9fac9,Devon Road Surgery,,Dartford,Kent,DA4 9,
1d425f16-e59c-3fec-a115-292e00379d36,Kingswood Surgery,,Tunbridge Wells,Kent,TN1 1,
6adc5967-8c21-3bfa-bef4-3d057306ffe3,Avicenna Medical Centre,Oxley Shaw Lane nan,West Malling,Kent,ME19 5,
d0b415d1-e256-3441-b730-12884feefd71,Chartham Surgery,,Canterbury,Kent,CT4 7,
318a319c-3ed5-3705-89b6-120476856384,Swanscombe Health Centre,,Swanscombe,Kent,DA10 0,
a3a2d0b0-34c1-3524-929d-163895d8a78c,Will Adams NHS Treatment Centre,,Gillingham,Kent,ME7 4,
9f548ec6-9532-366c-9922-19f5b6b89e74,Spire Alexandra Hospital,Impton Lane nan,Chatham,Kent,ME4 4,
338f192c-aeaa-3d5c-9513-ee4fe44319e8,William Harvey Hospital,,Ashford,Kent,TN23 1,
2dd4102d-5703-3fd6-b64d-9c46d8025969,Faversham Cottage Hospital,,Faversham,Kent,ME13 8,
d11c9986-5219-3ed7-b62b-3d4dad28eb64,The Maidstone Hospital,,Maidstone,Kent,ME16 9,
354e253d-29a8-3d2d-8c48-722ce9a3a1af,Whitstable and Tankerton Hospital,,Whitstable,Kent,CT5 1,
ef2c861d-57dd-3264-9f43-68c5c955fd4d,The Surgery,Old Road nan,Canterbury,Kent,CT4 6,
50219537-d4bc-35ba-878a-b2a5f20bd68d,Queen Elizabeth The Queen Mother Hospital,,Margate,Kent,CT9 4,
c7f6e3f5-69ec-3b89-9d86-31cb374a05d5,Willesborough Health Centre,,Ashford,Kent,TN24 0,
1da698d1-f955-36c0-a06e-e9796713c444,The One Ashford Hospital,,Ashford,Kent,TN23 1,
c56fc2ba-d66b-363c-b55e-0fdbc8bf4736,Sheppey Community Hospital,,,Kent,,
963938d3-c3cd-346a-b598-cd7e324b9da8,Dame Sybil Thorndyke Health Center,,Rochester,Kent,ME1 1,
9b240bdb-d7b7-30d6-ac83-bc424006a3ca,East Cliff Practice,Dumpton Park Drive nan,Ramsgate,Kent,CT11 8,
f27e6ebf-9454-32d5-9815-b19d3ff84913,Park Farm Surgery,Alder Road 1,Folkestone,Kent,CT19 5,
74fbe624-5832-31ab-99c9-a488c6c2d24d,Ivy Court Surgery (temporary Location),,Tenterden,Kent,TN30 6,
e7616a82-bddf-3e88-9e2b-fe762fc41148,St Stephen's Primary Care Health Centre,,Ashford,Kent,TN23 1,
43429141-72ef-3aca-922d-5ba22cbb9b51,Dr Dharan M and Partners,Malvern Road 90-92,Gillingham,Kent,ME7 4,
384c7f88-8170-3259-986c-a871ddbea37a,Oaklands Health Centre,Stade Street nan,Hythe,Kent,CT21 5,
a909f1b7-0112-35ef-b1c5-0c087a349e13,Crayford Town Surgery,,Dartford,Kent,DA1 4,
aed42f4f-abf3-32f6-b0ec-2fac3533a725,Shorne Village Surgery,,Gravesend,Kent,DA12 3,
a10d0831-fd82-3513-babc-3055565d6650,Sydenham House Medical Centre,Mill Court nan,Ashford,Kent,TN23 1,+44 1233 645851
d24534a2-ea44-35ad-961b-9c61ca49a919,William Harvey Hospital,,Ashford,Kent,TN23 1,
93363f72-87b8-3d50-8909-411db209f859,St. John's Medical Practice,St. Johns Hill 39,Sevenoaks,Kent,TN13 1,
32051257-73f1-3d6e-a718-6980fcafb4ff,The One Ashford Hospital,,Ashford,Kent,TN23 1,
3e52577e-5678-3cc4-a61e-8daddeda8478,Chartham Surgery,,Canterbury,Kent,CT4 7,
fbc14abb-8203-34b7-81dd-3df691f13f5d,Park Farm Surgery,Alder Road 1,Folkestone,Kent,CT19 5,
7ed060ef-dc03-3d38-96a1-aabacbd0f36e,Lyminge Surgery,,Folkestone,Kent,CT18 8,
a0f29d6e-cbee-3c7e-8368-28fc762f7799,Oaklands Health Centre,Stade Street nan,Hythe,Kent,CT21 5,
7eff72c4-49ff-3c54-981d-e026ca92f28a,College Road Clinic,,Margate,Kent,CT9 1,
545913ad-8c48-3a5c-99db-e2e19748adf4,Cygnet Hospital Godden Green,,Sevenoaks,Kent,TN13 1,+441732763491
b8e238e4-0889-32b8-ab71-84c28600d155,Birchington Medical Centre,Minnis Road nan,Birchington,Kent,CT7 9,
afea9cf5-b9d6-3d46-a67b-d6e9265cd0c0,The Chaucer Hospital,Nackington Road nan,Canterbury,Kent,CT1 2,+44 1227 825100
bd5a034d-2ba6-34b4-a25d-93db264add0e,Dr Dharan M and Partners,Malvern Road 90-92,Gillingham,Kent,ME7 4,
2e134890-87fd-30c7-a128-cc0b07df0bd7,Headcorn Surgery,,Ashford,Kent,TN27 9,
5437493d-20cb-39d4-9a28-81706e14cd2c,Tonbridge Cottage Hospital,,,Kent,TN9 2,
d0847863-246e-3cfe-9a72-05b9cf6fe60a,New Dover Road Surgery,New Dover Road 10,Canterbury,Kent,CT1 2,+44 1227 462197
885edf71-e5f3-3c38-806d-e62b48625ea2,Balmoral Surgery,,Deal,Kent,CT14 6,
600cd963-dcfe-3bb8-8988-9a436c585333,Devon Road Surgery,,Dartford,Kent,DA4 9,
04b725a2-f154-394d-98ad-ab8bb4b6c75e,Princess Royal University Hospital,Farnborough Common nan,Orpington,Kent,BR6 8,+44 1689 863000
1eda14b2-2b33-3cf0-b0f4-81a21df89df7,Headcorn Surgery,,Ashford,Kent,TN27 9,
1ae6ad0f-571d-391f-b3fb-752e6746aedf,Amhurst Medical Practice  Brasted Practice,High Street nan,Sevenoaks,Kent,TN13 1,
b20169ae-150f-36dc-9523-eb860e0052c9,Childrens Resource Centre,,Dartford,Kent,DA2 8,
dfed7ef4-2b18-323d-8669-0be570859074,Cuxton Medical Centre,Wood Street 19A,Rochester,Kent,ME2 1,
64a6fe94-fbac-341e-bca7-cd3e4e332026,Little Brook Hospital,Bow Arrow Lane nan,Dartford,Kent,DA2 6,+44 1322622222
4d4c16d6-061e-3124-8867-0c3008b9b816,Kingswood Surgery,,Tunbridge Wells,Kent,TN1 1,
bd620ea0-08f1-328f-a5d7-2d9c63baa66b,Faversham Cottage Hospital,,Faversham,Kent,ME13 8,
6e830282-0578-3051-9955-c2d535d8ce2e,Old Parsonage Doctors Surgery,,Cranbrook,Kent,TN17 1,
93d278a4-9933-38d5-a3de-da15599119a5,Tonbridge Cottage Hospital,,,Kent,TN9 2,
d2619ed1-6832-3a59-8263-187120d69196,Sheppey Community Hospital,,,Kent,,
5f207189-b7cf-37c5-ac1f-5d9d9e7e5fef,Glebe Family Practice,Vicarage Road nan,Gillingham,Kent,ME7 4,
2fb83391-1779-3a88-ad13-3481bce9039e,White Horse Surgery and Walk in Centre,,Gravesend,Kent,DA11 7,
daf11831-5c95-3a60-92c6-8943999f373d,Oakfield Health Centre,Windsor Road nan,Gravesend,Kent,DA11 7,
cfef2f0b-e991-3d3b-b8a5-d9863789184c,Childrens Resource Centre,,Dartford,Kent,DA2 8,
e989d8cb-e8d4-3b4f-9715-263b5aad2cc6,St. Martin's Hospital,Littlebourne Road nan,Canterbury,Kent,CT1 2,
188e03c0-b5db-3f42-8c7e-f1720d022df7,Stockett Lane Surgery,Stockett Lane 3,Maidstone,Kent,ME17 4,+44 1622 745585
6477bb72-a263-3940-ae85-02c6ef7696d5,Queen Elizabeth The Queen Mother Hospital,,Margate,Kent,CT9 4,
5ef356bb-0500-30f6-8e0d-db8361509f40,Broadstairs Health Centre,,Broadstairs,Kent,CT10 1,
29f6255f-ab49-300b-8299-b42d9f2228bc,Sydenham House Medical Centre,Mill Court nan,Ashford,Kent,TN23 1,+44 1233 645851
fb59a261-df4e-33f9-94eb-8c9f0a234838,St Stephen's Primary Care Health Centre,,Ashford,Kent,TN23 1,
c9094a42-b07a-349a-964c-b84756b80576,New Ash Green Surgery,,Longfield,Kent,DA3 8,
92fbaf9c-ddac-349d-abcc-e90061abc36b,Crayford Town Surgery,,Dartford,Kent,DA1 4,
9bc43a3f-12b1-3044-b4bb-a96a60fdface,Queen Victoria Memorial Hospital,,Herne Bay,Kent,CT6 5,
d9bfbf7e-f400-33b8-9e63-3b9a46905319,Royal Victoria Hospital and Folkestone Minor Injury Unit,,Folkestone,Kent,CT19 5,
f13235fe-a00d-3961-8f2c-aa7bdd519ccc,East Cliff Practice,Dumpton Park Drive nan,Ramsgate,Kent,CT11 8,
91af3b64-8dea-3d6c-838f-dcc7967584b6,Shorne Village Surgery,,Gravesend,Kent,DA12 3,
603d60eb-0522-342d-84f4-45eda93f6042,Broadstairs Health Centre,,Broadstairs,Kent,CT10 1,
64397a6d-060c-3b3a-8e71-2ff88edb7298,KIMS Hospital,Newnham Court way nan,Maidstone,Kent,ME14 1,+44 1622 237500
6d95a475-0dfe-315f-8c84-332db36682ad,St. Martin's Hospital,Littlebourne Road nan,Canterbury,Kent,CT1 2,
7b77378b-c6bc-3441-9fd0-a2b921544bad,Burrswood,,Tunbridge Wells,Kent,TN1 1,
895f18e7-2ca8-34ff-bf3e-e26a33b97a3b,Princes Park Medical Centre,Dove Close nan,Chatham,Kent,ME4 4,+44 1634 201272
5ef904e5-0380-3878-8fb4-971a1ce67fa9,Borough Green Medical Practice,,Sevenoaks,Kent,TN15 8,
f19977d4-f05b-37c9-998f-0967ed25f6bb,Avicenna Medical Centre,Oxley Shaw Lane nan,West Malling,Kent,ME19 5,
41d4c43b-40f0-368b-aed4-40094d79fd4a,The Parks Medical Practice,Parkside nan,Rochester,Kent,ME3 8,
cb0531a6-d3bb-330e-81a8-fc581e54ce86,Avicenna Medical Centre,Oxley Shaw Lane nan,West Malling,Kent,ME19 5,
671d4246-dce1-341b-8201-aba11b79cfe7,Willesborough Health Centre,,Ashford,Kent,TN24 0,
f2af39f6-c673-3c4f-bab7-96138ea1c24b,The Limes Medical Centre,,Margate,Kent,CT9 1,
a90315e8-e566-3aba-8c2f-f8998e34f69f,Tunbridge Wells Hospital Pembury,Tonbridge Road nan,Tunbridge Wells,Kent,TN1 1,
89b10122-e0d4-3360-9a19-442f8aa59ac8,Buckland Hospital,Coombe Valley Road nan,Dover,Kent,CT16 1,+44 1304201624
1da992f3-135b-3bb8-8976-8e7b396bb256,Will Adams NHS Treatment Centre,,Gillingham,Kent,ME7 4,
abb12c6d-df0b-30de-82cc-48ffc3171cda,Princes Park Medical Centre,Dove Close nan,Chatham,Kent,ME4 4,+44 1634 201272
cf8d29fa-cf9e-3f8b-92ab-9ce3a594e374,Tonbridge Cottage Hospital,,,Kent,TN9 2,
df979853-5509-37ca-b615-95c8173a6221,Shorne Village Surgery,,Gravesend,Kent,DA12 3,
113f34c9-ab93-32c8-9a79-a79b61a2e7c8,St. John's Medical Practice,St. Johns Hill 39,Sevenoaks,Kent,TN13 1,
36d05137-9d96-3aa5-ad68-b6653e4d1cde,Rusthall Medical Centre,,Tunbridge Wells,Kent,TN4 8,
b4852f59-3700-3437-8569-4cb2a562c42e,Otford Medical Centre,,Sevenoaks,Kent,TN14 5,
82151ce2-9342-3c82-b6b1-f0f7dbfb6669,The Chaucer Hospital,Nackington Road nan,Canterbury,Kent,CT1 2,+44 1227 825100
69b626f4-7da4-3321-b14c-b60eef472b08,Kingsnorth Medical Practice,,Ashford,Kent,TN23 3,
05a90a76-f5f5-3a5f-b5da-38c219f1e355,Royal Victoria Hospital and Folkestone Minor Injury Unit,,Folkestone,Kent,CT19 5,
9de6ded2-73bc-3f6f-a5c7-9633f01f83d0,St. Martin's Hospital,Littlebourne Road nan,Canterbury,Kent,CT1 2,
c0f431d7-0f4b-38d1-9e99-db13ca7e7c12,Tunbridge Wells Hospital Pembury,Tonbridge Road nan,Tunbridge Wells,Kent,TN1 1,
33a411cf-3b22-3f0c-a436-8270ddced1f5,Buckland Hospital,Coombe Valley Road nan,Dover,Kent,CT16 1,+44 1304201624
f3324489-badc-3ce3-810e-fad239b0652e,New Dover Road Surgery,New Dover Road 10,Canterbury,Kent,CT1 2,+44 1227 462197
2baa5846-547e-31f5-add6-aa52ae8cf100,Waterfield House Surgery,,Tunbridge Wells,Kent,TN2 4,
a606034b-20b1-3007-ba7a-719c74585b77,Faversham Cottage Hospital,,Faversham,Kent,ME13 8,
ff0642b1-a673-3ac5-a35d-06699f87e372,College Road Clinic,,Margate,Kent,CT9 1,
3d28ba8c-43b3-3a46-b9d7-9a262a1ed507,KIMS Hospital,Newnham Court way nan,Maidstone,Kent,ME14 1,+44 1622 237500
0e963bd4-996d-37e9-bd6a-b2514d85d427,Old Parsonage Doctors Surgery,,Cranbrook,Kent,TN17 1,
2f518e76-25c8-3f2f-ae67-861b4e821b39,Balmoral Surgery,,Deal,Kent,CT14 6,
299c2fd2-8101-3020-a200-bbbe2441b735,Burrswood,,Tunbridge Wells,Kent,TN1 1,
18fe4f05-7859-3686-9f42-cb7ea08275b1,The Limes Medical Centre,,Margate,Kent,CT9 1,
52809361-9277-3d18-9e52-72bbaaf836fe,St. John's Medical Practice,St. Johns Hill 39,Sevenoaks,Kent,TN13 1,
488c7617-e17e-38bd-a15d-5a98b77178f5,The Maidstone Hospital,,Maidstone,Kent,ME16 9,
7f65743b-f0ac-3643-b9b3-f900adb2d39e,Princess Royal University Hospital,Farnborough Common nan,Orpington,Kent,BR6 8,+44 1689 863000
b889750f-a577-3e9d-a6f7-86eaf912f2e7,St Mary's Island Surgery,,Gillingham,Kent,ME7 4,+441634890712
0e70e69c-98e0-375c-87c7-6407b947dfae,The One Ashford Hospital,,Ashford,Kent,TN23 1,
04530c39-c1c4-30b7-8c7e-9b36302a4a54,Burrswood,,Tunbridge Wells,Kent,TN1 1,
44fe6f3f-f26c-3d79-82bf-7960348302dd,Borough Green Medical Practice,,Sevenoaks,Kent,TN15 8,
87d35d1a-1b1b-376a-807c-5f39e311900f,Princes Park Medical Centre,Dove Close nan,Chatham,Kent,ME4 4,+44 1634 201272
fca03b94-9cf8-3585-9b5d-804605d04bac,Meopham Medical Centre,,Gravesend,Kent,DA13 0,
1bb7408f-5629-3b41-9b1a-34aca983beb3,Queen Victoria Memorial Hospital,,Herne Bay,Kent,CT6 5,
a426a46e-e7a9-34ca-90e8-46bfb45dadea,Spire Alexandra Hospital,Impton Lane nan,Chatham,Kent,ME4 4,
6d04fbec-0c2a-340e-98c9-3e7e5457651a,Devon Road Surgery,,Dartford,Kent,DA4 9,
62d6e1f5-0097-36a5-9bf7-dc58a85ee41b,Balmoral Surgery,,Deal,Kent,CT14 6,
cf8f1cbf-404d-3133-b157-0052503ccff8,KIMS Hospital,Newnham Court way nan,Maidstone,Kent,ME14 1,+44 1622 237500
c4bd1692-c9d5-32eb-bc1f-7dadac819caa,Old Parsonage Doctors Surgery,,Cranbrook,Kent,TN17 1,
9d79fa83-df67-367b-b09a-b4b8c160bba4,Waterfield House Surgery,,Tunbridge Wells,Kent,TN2 4,
3ee202da-d7c1-31d5-b555-6450bffb1675,Dame Sybil Thorndyke Health Center,,Rochester,Kent,ME1 1,
08c48593-79ff-36f0-a754-cfa839a365e7,Park Farm Surgery,Alder Road 1,Folkestone,Kent,CT19 5,
6625a446-d096-3f4c-a7b8-42263ff22bec,White Horse Surgery and Walk in Centre,,Gravesend,Kent,DA11 7,
245d0c9a-17a3-35ba-bb12-8beb63047a7b,Stockett Lane Surgery,Stockett Lane 3,Maidstone,Kent,ME17 4,+44 1622 745585
7cacd0e3-62ec-3d7c-8008-753504c5f825,The Parks Medical Practice,Parkside nan,Rochester,Kent,ME3 8,
93133b77-e15b-3984-8aae-7fc5f206ab09,Kent and Canterbury Hospital,Ethelbert Road nan,Canterbury,Kent,CT1 2,
7fcf52c1-44c0-372c-aafa-5d626492c42b,Ivy Court Surgery (temporary Location),,Tenterden,Kent,TN30 6,
468e327c-423f-35e6-8281-09f8683505ee,Buckland Hospital,Coombe Valley Road nan,Dover,Kent,CT16 1,+44 1304201624
a01ee989-3e48-31f0-9f76-6a15ad4eac87,Kingsnorth Medical Practice,,Ashford,Kent,TN23 3,
324f6e2a-fdf2-3adf-95b4-aaae14ad5a8a,Birchington Medical Centre,Minnis Road nan,Birchington,Kent,CT7 9,
7777927e-9873-37d0-8954-3f5a8b3e0359,Borough Green Medical Practice,,Sevenoaks,Kent,TN15 8,
82e81ad6-8050-37bd-8e33-b9190f166117,Glebe Family Practice,Vicarage Road nan,Gillingham,Kent,ME7 4,
aba9edc0-c7bf-35da-96fc-615b7c1d8398,Spire Alexandra Hospital,Impton Lane nan,Chatham,Kent,ME4 4,
8ba12fbc-cc60-3c06-ae23-97ed208e18cf,Cygnet Hospital Godden Green,,Sevenoaks,Kent,TN13 1,+441732763491
44c42f8d-2e54-32f9-97f7-20c54c1625ed,The Parks Medical Practice,Parkside nan,Rochester,Kent,ME3 8,
9fd0441a-3ded-372c-9673-4410ef6f75a4,Birchington Medical Centre,Minnis Road nan,Birchington,Kent,CT7 9,
2a4b3d8f-1155-3f6e-8965-f5ee8ad05e46,The Limes Medical Centre,,Margate,Kent,CT9 1,
c1bbd2a5-61ad-3f4f-8e74-4f1945f87a6d,Stockett Lane Surgery,Stockett Lane 3,Maidstone,Kent,ME17 4,+44 1622 745585
014a970a-0efe-3bb3-9c3c-ed008eaeb0d9,St Mary's Island Surgery,,Gillingham,Kent,ME7 4,+441634890712
46910fd6-12dd-3662-91a2-e066adabd790,St Stephen's Primary Care Health Centre,,Ashford,Kent,TN23 1,
d204f127-dbaa-3e4b-a3b6-0443817a450f,Otford Medical Centre,,Sevenoaks,Kent,TN14 5,
50d9ffe2-100e-313a-8d72-07a878e369a3,Oakfield Health Centre,Windsor Road nan,Gravesend,Kent,DA11 7,
2c017e62-a4b1-377e-b066-5195b82903e0,The Surgery,Old Road nan,Canterbury,Kent,CT4 6,
0b6de0d4-e21b-30e1-aba6-30d7c8ca96f6,Meopham Medical Centre,,Gravesend,Kent,DA13 0,
53716b9b-b3e1-3420-977b-12da78f93ace,Dame Sybil Thorndyke Health Center,,Rochester,Kent,ME1 1,
4bd1028c-8339-3a90-8e98-eb6696935375,Medway Maritime Hospital,Windmill Road nan,Gillingham,Kent,ME7 5,+44 1634 830000
1e9680cd-1b0d-3460-92dc-e490ff4f99af,Medway Maritime Hospital,Windmill Road nan,Gillingham,Kent,ME7 5,+44 1634 830000
38921bf1-f49c-3d7a-aa30-ff3f912f3704,Drayton Surgery,,Norwich,Norfolk,NR8 6,
73f7ef7c-779c-3aaf-bbe9-4f6bc60c0b76,Newmarket Road Surgery,Newmarket Road 7,Norwich,Norfolk,NR1 3,+44 1603 621006
a49f16fa-b2e9-3de8-a99f-f29c9d64ccf9,The Newberry Clinic,,Great Yarmouth,Norfolk,NR31 6,
64bc3da7-ebaf-3eb5-82b5-6666df06cbb3,Heathgate Medical Practice,The Street nan,Norwich,Norfolk,NR14 7,+44 1508 494343
1288f2dc-2857-31f7-bdba-ab4aecad70fe,Wells Health Centre,Bolts Close nan,Wells-next-the-Sea,Norfolk,NR23 1,
eb965b8a-bdf0-39f9-a9b5-a484ce3ea529,Thorpewood Medical Centre,Woodside Road 140,Norwich,Norfolk,NR1 3,+44 1603 300800
9d91075a-5945-361a-bf76-90593a47ba6a,Northgate Hospital,,Great Yarmouth,Norfolk,NR29 4,
161330af-bc10-38ac-a9bd-87e411ca001d,Plowright Medical Centre,Jack Boddy Way nan,Swaffham,Norfolk,PE37 7,
bca41924-b1be-390a-9ffd-62f74716f5b8,The Surgery,,Attleborough,Norfolk,NR17 2,
cd53a4de-bedb-3fc0-826e-85554b3f168b,Queen Elizabeth Hospital,,King's Lynn,Norfolk,PE30 2,
010014df-10cc-3f4e-a09a-b45736f66d67,The Julian Hospital,Bowthorpe Road nan,Norwich,Norfolk,NR2 3,+44 1603 421800
d7be3dd4-aeb7-316a-9c62-de8a17053262,University Medical Centre,University Drive nan,Norwich,Norfolk,NR4 7,+44 1603 251600
b1fbb037-ee80-3a03-bf3c-9216c8fdfa9a,Cromer Surgery,,Cromer,Norfolk,NR27 0,
760f2cc1-dfc5-35b2-a73f-1b79845bbc11,Harleston Medical Practice,,Harleston,Norfolk,IP20 9,
74f104c7-0eb5-3811-89dd-29a541899698,Central Surgery,,Great Yarmouth,Norfolk,NR31 6,
1987bb46-75d3-309a-8625-c47e89892c4f,Tuckswood Surgery,Hall Road nan,Norwich,Norfolk,NR1 3,+44 1603 447700
7fb7f250-aca5-33ba-800d-6f13b853465d,Long Stratton Medical Partnership (Newton Flotman),,Norwich,Norfolk,NR15 1,
4320440a-fc53-3459-968a-b5cec31b2f8b,The Surgery,,Attleborough,Norfolk,NR17 2,
66373e2c-c7de-380e-bdaa-7caa6b9d3ec0,Hoveton and Wroxham Medical Centre,Stalham Road nan,Norwich,Norfolk,NR12 8,+44 1603 782155
1b81b9ed-e5c0-3623-8fba-9451fa530f26,Heartsease Surgery,Rider Haggard Road 94,Norwich,Norfolk,NR1 3,
1c82a865-84e0-32a3-9f09-465acacfc073,Trinity & Bowthorpe Medical Practice,Trinity Street 1,Norwich,Norfolk,NR1 3,
b94d72c0-cefe-35b6-b06d-6937afa5d0c3,Scole Lodge Nursing Home,,,Norfolk,IP21 4,
c7d97e35-047d-3f83-865e-bf06a1d4ffe6,Bayfield Surgery,High Street nan,King's Lynn,Norfolk,PE31 8,
bb85ef3b-0c9c-30ca-aea8-fba7107cd9e9,Drayton & St Faiths Medical Practice  St Faiths Surgery,Norwich Road 20,Norwich,Norfolk,NR10 3,+44 1603 898235
d53e9cc6-83ab-3222-819d-b6c3d2b2f92f,Lakenham Surgery,,Norwich,Norfolk,NR1 3,
047b0f90-0ca8-3c3e-9b2b-0ebd0e3aae32,The Brundall Medical Centre,The Dales nan,Norwich,Norfolk,NR13 5,+44 1603 712255
a2e6c758-ef45-3a82-bf22-62e6628fb2f0,Northgate Hospital,,Great Yarmouth,Norfolk,NR29 4,
18baf4f8-4d96-3280-b3df-f265a0684660,Grove Surgery,Grove Lane nan,Thetford,Norfolk,IP24 3,
c8bf0459-849f-34c4-9f0d-dc3e051908f9,Newtown Surgery,,Great Yarmouth,Norfolk,NR29 4,
062251a3-cdd3-36ff-9b3b-c6f1e2043f89,Great Massingham Surgery,,King's Lynn,Norfolk,PE32 2,
d7a0bd1b-0267-3f5e-9c24-cf536778262c,Cromer Surgery,,Cromer,Norfolk,NR27 0,
dc8db75f-a17d-3509-9ca5-ccad7f1ab108,Fermoy Unit,Gayton Road nan,King's Lynn,Norfolk,PE30 2,
444275af-c1b6-3433-8a39-e81c01e47b2c,Lower Farm Nursing Home,Grimston Road 126,King's Lynn,Norfolk,PE30 2,
479aad1f-ec37-3d85-8db9-290a1b6f6092,Wells Community Hospital,,Wells-next-the-Sea,Norfolk,NR23 1,
9385ba87-388c-3302-8651-1a47572e960d,All Hallows' Hospital,Station Road nan,Norwich,Norfolk,NR13 6,
8c1547b4-2672-393b-8e1f-189f9d60ad2f,Cobholm and Lichfield Health and Resource Centre,,Great Yarmouth,Norfolk,NR29 4,
0c024c41-ba4b-34a8-b6c9-6e50574d1ba4,Prospect Medical Practise,,Norwich,Norfolk,NR1 3,
fdb54735-438b-31a3-b671-49e8a8400c94,Scole Lodge Nursing Home,,,Norfolk,IP21 4,
4e0acf27-d158-3edf-b721-553cefc9f0aa,Bacon Road Medical Centre,Bacon Road 16,Norwich,Norfolk,NR1 3,+44 1603 503917
d689f9b9-bc4d-3d05-9274-b493505e5dfe,Newtown Surgery,,Great Yarmouth,Norfolk,NR29 4,
1636f967-d80b-37d3-b8d1-d184bcdd9052,Feltwell Surgery,,Thetford,Norfolk,IP26 4,
ac830ddf-bef8-3036-bb24-3f131e57984f,Falkland's Surgery,,Great Yarmouth,Norfolk,NR31 8,
c34fbc79-8354-3cef-b4db-fce2098d59ba,Reepham Surgery,,Norwich,Norfolk,NR10 4,
83f55ce1-6f32-3083-8091-c96f21fc632e,Prospect Medical Practise,,Norwich,Norfolk,NR1 3,
cfc4e3ff-52f5-36f0-b19c-861b5034e38d,Chet Valley Medical Practice,George Lane 40-48,Norwich,Norfolk,NR14 6,+44 1508 520399
c5e6a5e7-6dad-3e28-93e8-5bcec30b9c72,The Surgery,,Attleborough,Norfolk,NR17 2,
73945fb3-64b0-3a05-84e6-0625a02bb854,Howdale Surgery,,Downham Market,Norfolk,PE38 9,
f021eb4a-9894-3f80-96d3-d1105b35ad1d,Mulbarton Surgery,The Common nan,Norwich,Norfolk,NR14 8,+44 1508 977477
2cc434e4-a613-3201-b311-5656692899b3,School Lane Surgery,School Lane nan,Thetford,Norfolk,IP24 3,+44 1842 753115
2747b19e-dde7-35bf-be23-fe703628e305,Cringleford Surgery,Cantley Lane nan,,Norfolk,NR4 6,+44 1603 977477
54863437-c9b2-3a0e-9bf5-13249f7e7192,University Medical Centre,University Drive nan,Norwich,Norfolk,NR4 7,+44 1603 251600
c07aa871-e83d-3544-8096-49ae2076019a,School Lane Surgery,School Lane nan,Thetford,Norfolk,IP24 3,+44 1842 753115
1b8b01f2-598e-3881-bbb3-255a61771b48,Newtown Surgery,,Great Yarmouth,Norfolk,NR29 4,
ecba3711-6bff-3068-b75d-0e0a2709e5a1,Fleggburgh Surgery,Mill Lane nan,Norwich,Norfolk,NR13 6,+44 1493 369232
a532b3f0-404c-3fe3-8403-f54eb634069f,Cromer Surgery,,Cromer,Norfolk,NR27 0,
3f6f8981-d03d-3bc6-a00e-94976dae7b4f,Cobholm and Lichfield Health and Resource Centre,,Great Yarmouth,Norfolk,NR29 4,
f4afadc9-5105-39d2-ba57-187bac2add16,Methwold Surgery,,Thetford,Norfolk,IP26 4,
091918ce-a867-3045-878f-1b61ac3526f6,Scole Lodge Nursing Home,,,Norfolk,IP21 4,
f95596d8-d15d-3dfe-9ffb-8be061f6622e,Hoveton and Wroxham Medical Centre,Stalham Road nan,Norwich,Norfolk,NR12 8,+44 1603 782155
de5a0952-db5a-3db6-a44e-9c3077f9b988,Escort Hospital,,Great Yarmouth,Norfolk,NR29 4,
6c907e38-5c45-3d68-b9cd-9978c24371e1,Thorpewood Medical Centre,Woodside Road 140,Norwich,Norfolk,NR1 3,+44 1603 300800
b19ffcff-fe49-321c-9a2c-1f8631fce2bf,Woodcock Road Surgery,Woodcock Road 29,Norwich,Norfolk,NR1 3,+44 1603 425989
cc9a4568-9309-3ccf-b31a-80bda9641d2a,Dereham Hospital,Northgate nan,Dereham,Norfolk,NR19 1,
521b03a5-1765-38ec-8604-2190fbd56a0e,Hingham Surgery,,Norwich,Norfolk,NR9 4,
a9afe541-a6fd-32c2-a83a-089682ccee87,Norwich Community Hospital,,Norwich,Norfolk,NR1 3,
fd4b24ac-2240-3b02-8699-7d6c6fe87c03,Old Mill And Millgates Medical Practice,Hardley Road nan,Norwich,Norfolk,NR14 7,+44 1508492929
fad8ede4-11b6-3b6c-a3cb-50509552e34f,Thetford Physiotherapy & Sports Injury Clinic,Brandon Road nan,Thetford,Norfolk,IP24 3,
20cb4e95-e985-32df-9b12-1773705530e9,The Newberry Clinic,,Great Yarmouth,Norfolk,NR31 6,
9158ff02-a4a9-3758-9545-2999229b342a,Staith Surgery,Lower Staithe Road nan,Norwich,Norfolk,NR12 9,
9df318c6-2f74-35cd-a4f1-883c69e47b04,The Surgery,,Attleborough,Norfolk,NR17 2,
cd3eab63-c73d-3d85-856b-903b07842cea,Dereham Hospital,Northgate nan,Dereham,Norfolk,NR19 1,
f2dcb05b-aee6-3fe0-9c21-bb6cf610c2bc,King Street Surgery,,Great Yarmouth,Norfolk,NR29 4,
56aa8798-c570-3559-9977-f29deae54e99,Escort Hospital,,Great Yarmouth,Norfolk,NR29 4,
20c41733-4380-3c24-819f-bdd7955d3215,Wensum Valley Medical Practice,Earlham West Centre 46,Norwich,Norfolk,NR1 3,+44 1603 250660
c7f4dbf2-3ce4-395b-936d-f8d2491a9ebd,Drayton & St Faiths Medical Practice  St Faiths Surgery,Norwich Road 20,Norwich,Norfolk,NR10 3,+44 1603 898235
8b4bcbdf-f4d0-3469-902b-07a63a5fa2e3,Heartsease Surgery,Rider Haggard Road 94,Norwich,Norfolk,NR1 3,
ce4138d2-09d6-38f7-9606-992fd7490117,Fermoy Unit,Gayton Road nan,King's Lynn,Norfolk,PE30 2,
cfdd0228-4fc0-3e65-8dcc-99b497c2f982,Lower Farm Nursing Home,Grimston Road 126,King's Lynn,Norfolk,PE30 2,
436ceecc-d543-3d92-8977-96bc920f8f41,Spire,Old Watton Road nan,Norwich,Norfolk,NR4 7,+44 1603 456181
92ac4360-aae0-3c2f-88bd-8286d1676902,Fermoy Unit,Gayton Road nan,King's Lynn,Norfolk,PE30 2,
41bdf3c0-12c2-3e4c-954b-29d136ef45ae,Lower Farm Nursing Home,Grimston Road 126,King's Lynn,Norfolk,PE30 2,
cf93a382-d379-3d56-b71c-e06ab046bea4,Trinity & Bowthorpe Medical Practice,Trinity Street 1,Norwich,Norfolk,NR1 3,
03ce5340-d056-38d6-bd4d-0f28e34409a1,Great Massingham Surgery,,King's Lynn,Norfolk,PE32 2,
55deb581-e26f-3ff6-866f-f689b38e30dd,Falkland's Surgery,,Great Yarmouth,Norfolk,NR31 8,
73f136ee-0d15-3076-bec0-8e15d4a5df3f,Bacon Road Medical Centre,Bacon Road 16,Norwich,Norfolk,NR1 3,+44 1603 503917
a961a916-a66b-3fae-8581-51f839d5672d,King's Ride Surgery,Quidenham Road nan,Norwich,Norfolk,NR16 2,
a9df70cb-87a8-3a11-a3e3-7fa026c7423b,The Surgery,,Attleborough,Norfolk,NR17 2,
89be9b57-9f6d-3f46-8089-9274204c0eaf,Lakenham Surgery,,Norwich,Norfolk,NR1 3,
95d98345-5fbc-3d11-8adc-85fc2a7d2e5b,Wensum Valley Medical Practice,Earlham West Centre 46,Norwich,Norfolk,NR1 3,+44 1603 250660
d235427c-1863-3eb9-93ee-c1a6d8c01f6f,Spire,Old Watton Road nan,Norwich,Norfolk,NR4 7,+44 1603 456181
c0031fdb-ed83-3893-a83f-02a12e4275fb,Spire,Old Watton Road nan,Norwich,Norfolk,NR4 7,+44 1603 456181
454da413-4f70-39ee-8482-7cb761193f41,Toftwood Medical Centre,,Dereham,Norfolk,NR19 1,
3efa3c00-9309-3560-8033-399d167280bf,Adelaide Street Health Centre,,Norwich,Norfolk,NR1 3,
8345968d-aa50-3d6b-b735-2fca823c1926,Thorpewood Medical Centre,Woodside Road 140,Norwich,Norfolk,NR1 3,+44 1603 300800
7ca3ac5d-6267-30dc-9077-d3bb412f2068,Dereham Hospital,Northgate nan,Dereham,Norfolk,NR19 1,
84771843-fe72-307c-8a5a-a6730552f4a2,The Surgery,,Attleborough,Norfolk,NR17 2,
8456dbff-6fd3-3905-aa5b-a9b72bd504df,Mulbarton Surgery,The Common nan,Norwich,Norfolk,NR14 8,+44 1508 977477
6c4f8cc7-807b-3fd8-b6b6-302e72eb76c0,Prospect Medical Practise,,Norwich,Norfolk,NR1 3,
caec7bfe-4715-3b02-a820-b2da6b73de55,Escort Hospital,,Great Yarmouth,Norfolk,NR29 4,
540b8c74-6151-35e1-b695-a3dd0367f1d8,Newmarket Road Surgery,Newmarket Road 7,Norwich,Norfolk,NR1 3,+44 1603 621006
219e1279-c112-333b-9516-caa369c7f609,Staith Surgery,Lower Staithe Road nan,Norwich,Norfolk,NR12 9,
d1b86e0d-7ac9-389f-bea5-177ce2851907,Heartsease Surgery,Rider Haggard Road 94,Norwich,Norfolk,NR1 3,
0c41f02e-0ab3-3260-8490-679fe1429f11,Plowright Medical Centre,Jack Boddy Way nan,Swaffham,Norfolk,PE37 7,
f2fb6a40-3c40-324e-bad7-3cfbfc3ba148,Reepham Surgery,,Norwich,Norfolk,NR10 4,
cbcbae05-eb13-3134-b888-0f4f02cdd6c1,Grove Surgery,Grove Lane nan,Thetford,Norfolk,IP24 3,
c2cacec3-67bd-3d90-ade6-936257b5fc65,Toftwood Medical Centre,,Dereham,Norfolk,NR19 1,
b15787c9-0e45-35a2-8b97-80e01c99e89b,Tuckswood Surgery,Hall Road nan,Norwich,Norfolk,NR1 3,+44 1603 447700
200c3ac1-dca1-3399-90e5-0418bbe4f7ad,Heathgate Medical Practice,The Street nan,Norwich,Norfolk,NR14 7,+44 1508 494343
d202b860-20ec-3175-9189-e08e07fc1cb2,King's Ride Surgery,Quidenham Road nan,Norwich,Norfolk,NR16 2,
389ab8d4-032e-30ae-8c31-e50eede53a27,Fleggburgh Surgery,Mill Lane nan,Norwich,Norfolk,NR13 6,+44 1493 369232
cebc82b3-a55f-32e7-a70e-db1dd5018863,Adelaide Street Health Centre,,Norwich,Norfolk,NR1 3,
9d29f48b-92d1-33f7-80cf-7c3c3c509f0a,Bayfield Surgery,High Street nan,King's Lynn,Norfolk,PE31 8,
79d37512-9ba5-3c4d-a277-d203fcbb38c2,Downham Market Health Centre,,Downham Market,Norfolk,PE38 9,
3658008f-3919-34f9-ad90-f7d459e0ac19,Cringleford Surgery,Cantley Lane nan,,Norfolk,NR4 6,+44 1603 977477
d6ba7272-a4dc-3bf5-acda-cd6a7ca2fdb8,Staith Surgery,Lower Staithe Road nan,Norwich,Norfolk,NR12 9,
e74adef8-350d-3f8d-b1d3-00a6d722dd6c,Reepham Surgery,,Norwich,Norfolk,NR10 4,
81893c34-42b7-3f27-984d-a63192575881,Swanton Morley Surgery,Dereham Road nan,Dereham,Norfolk,NR20 4,+44 1362 638100
bc3e05a1-8ee9-3db5-b078-ce4ab3a01bc2,Central Surgery,,Great Yarmouth,Norfolk,NR31 6,
9b8715ce-50ac-3fdf-8839-402484fbf594,Watton Medical Practice,Gregor Shanks Way 24,Thetford,Norfolk,IP25 6,
014f0d0d-2cec-36f1-a0da-3cb4ab1f0ef7,Thetford Physiotherapy & Sports Injury Clinic,Brandon Road nan,Thetford,Norfolk,IP24 3,
44e6de02-4a6a-3b60-a037-11383bbc2fe9,Trinity & Bowthorpe Medical Practice,Trinity Street 1,Norwich,Norfolk,NR1 3,
cfdb37b1-33c2-3537-81e4-9f8c1208a82a,Swanton Morley Surgery,Dereham Road nan,Dereham,Norfolk,NR20 4,+44 1362 638100
e176d507-ac87-329f-acc1-a54854dc7ad3,Wells Health Centre,Bolts Close nan,Wells-next-the-Sea,Norfolk,NR23 1,
f879248d-1f76-32d3-9203-e6798cf4471d,Hingham Surgery,,Norwich,Norfolk,NR9 4,
2c154481-611f-39b1-ba5d-ece8e2e312f9,Lakenham Surgery,,Norwich,Norfolk,NR1 3,
b581d3e7-55bb-35f2-be51-264cee9a3655,Tuckswood Surgery,Hall Road nan,Norwich,Norfolk,NR1 3,+44 1603 447700
2e2c25ed-78c8-3f3a-8da5-4420ed0ebc2b,Watton Medical Practice,Gregor Shanks Way 24,Thetford,Norfolk,IP25 6,
d17f6070-c29a-366a-8f09-eb5b59f660ba,West Pottergate Health Centre,West Pottergate 137,Norwich,Norfolk,NR1 3,+44 1603 513333
bc527b98-6d83-371d-a9e6-116a50dc8dde,Bayfield Surgery,High Street nan,King's Lynn,Norfolk,PE31 8,
7979a4bb-b2df-3c02-b3a8-06ab6ff65d8f,Wensum Valley Medical Practice,Earlham West Centre 46,Norwich,Norfolk,NR1 3,+44 1603 250660
d05c83e8-0f23-37f0-acd8-4b533b2faed9,Downham Market Health Centre,,Downham Market,Norfolk,PE38 9,
d3b5def5-a972-39be-8c7d-a72cd2f1822a,Acle Medical Centre,,Norwich,Norfolk,NR13 3,
720a98d5-91a3-3f8d-ba94-587ce218dbf2,Queen Elizabeth Hospital,,King's Lynn,Norfolk,PE30 2,
22b4bd7b-1204-3a4d-a4a1-fd6bd7d64594,The Julian Hospital,Bowthorpe Road nan,Norwich,Norfolk,NR2 3,+44 1603 421800
4fb41bbe-3be2-3441-89da-17887ecee9cb,The Julian Hospital,Bowthorpe Road nan,Norwich,Norfolk,NR2 3,+44 1603 421800
0ad09abb-ab8f-302a-b53b-e0effe210bc4,Old Mill And Millgates Medical Practice,Hardley Road nan,Norwich,Norfolk,NR14 7,+44 1508492929
325b6a80-69b3-34a7-8658-44039d5596f7,Orchard Surgery,Commercial Road nan,Dereham,Norfolk,NR19 1,+44 1362 693029
0c69636b-363c-33ce-b82a-66b83e164682,Adelaide Street Health Centre,,Norwich,Norfolk,NR1 3,
7e5a6eac-8964-32e4-80a2-74063bea9710,Feltwell Surgery,,Thetford,Norfolk,IP26 4,
2fab1ebd-b8ae-39e6-b1c3-d6db244b4e68,Heathgate Medical Practice,The Street nan,Norwich,Norfolk,NR14 7,+44 1508 494343
08e336a0-767e-3780-b92a-4967b71d3cda,Drayton Surgery,,Norwich,Norfolk,NR8 6,
b54b9c88-12d2-3794-8d06-725d61c45603,Feltwell Surgery,,Thetford,Norfolk,IP26 4,
5e9b098e-c0bd-369a-bf52-a62e9d4a1997,Fleggburgh Surgery,Mill Lane nan,Norwich,Norfolk,NR13 6,+44 1493 369232
8a629525-f2bc-3603-b390-eda181e40577,Toftwood Medical Centre,,Dereham,Norfolk,NR19 1,
b856a7a1-8043-3c64-8810-64ed0cfcbf68,All Hallows' Hospital,Station Road nan,Norwich,Norfolk,NR13 6,
9f3b7d95-45ec-3f0e-8722-2bea08d9bf8a,West Pottergate Health Centre,West Pottergate 137,Norwich,Norfolk,NR1 3,+44 1603 513333
86856ed0-f77d-377a-89e7-8c9e38734102,Downham Market Health Centre,,Downham Market,Norfolk,PE38 9,
5a3b12ca-2e3b-34bc-8671-430ee9948c0e,Northgate Hospital,,Great Yarmouth,Norfolk,NR29 4,
d69bb30f-f889-32a7-a28b-52c1fd573d22,School Lane Surgery,School Lane nan,Thetford,Norfolk,IP24 3,+44 1842 753115
8a1ec597-bfe2-3623-8d62-220f59b1b8ba,Bacon Road Medical Centre,Bacon Road 16,Norwich,Norfolk,NR1 3,+44 1603 503917
cd90ba45-2129-3ee7-b6ad-367508018916,Orchard Surgery,Commercial Road nan,Dereham,Norfolk,NR19 1,+44 1362 693029
2dae5eb3-6940-3036-b476-b67ffa1c8214,Old Mill And Millgates Medical Practice,Hardley Road nan,Norwich,Norfolk,NR14 7,+44 1508492929
949cca3b-cb39-307d-b1cf-c509ce83f385,Falkland's Surgery,,Great Yarmouth,Norfolk,NR31 8,
658f3259-5ade-33c9-8bd4-fd9aa9e5abe8,Wells Community Hospital,,Wells-next-the-Sea,Norfolk,NR23 1,
35b002e3-ddc9-3085-ad1c-f0184eec1ca7,Mulbarton Surgery,The Common nan,Norwich,Norfolk,NR14 8,+44 1508 977477
1e2a9749-8130-332e-9830-16c1d0c8f26f,Woodcock Road Surgery,Woodcock Road 29,Norwich,Norfolk,NR1 3,+44 1603 425989
825a10d5-0587-393a-97eb-bcaf452873e5,Howdale Surgery,,Downham Market,Norfolk,PE38 9,
38c8d061-96f3-3e4c-a454-f475cee30a5e,Drayton Surgery,,Norwich,Norfolk,NR8 6,
882e0dfe-3739-3e27-a02e-c6f40c4ffb3b,Norwich Community Hospital,,Norwich,Norfolk,NR1 3,
fbffba5f-1a61-3257-8915-83b155345b6a,Grove Surgery,Grove Lane nan,Thetford,Norfolk,IP24 3,
661982be-d886-3f52-979e-500f1e47ae92,King's Ride Surgery,Quidenham Road nan,Norwich,Norfolk,NR16 2,
404e8b7b-6213-32a8-887f-858b4015bda5,Woodcock Road Surgery,Woodcock Road 29,Norwich,Norfolk,NR1 3,+44 1603 425989
8ed15896-1b04-39df-90f5-d707f1e2df20,Cobholm and Lichfield Health and Resource Centre,,Great Yarmouth,Norfolk,NR29 4,
88f216f0-96e4-3536-bd7c-666b916a9e43,Drayton & St Faiths Medical Practice  St Faiths Surgery,Norwich Road 20,Norwich,Norfolk,NR10 3,+44 1603 898235
79b8c0cf-b2a7-315b-9032-02704aff7684,Swanton Morley Surgery,Dereham Road nan,Dereham,Norfolk,NR20 4,+44 1362 638100
0cec35f4-65ca-3aaf-ac3e-cabf7712cbe3,Queen Elizabeth Hospital,,King's Lynn,Norfolk,PE30 2,
ae029015-6fc7-369c-b2cf-102c47266324,Orchard Surgery,Commercial Road nan,Dereham,Norfolk,NR19 1,+44 1362 693029
1da6062e-e05c-339e-b0d2-3d8792782562,All Hallows' Hospital,Station Road nan,Norwich,Norfolk,NR13 6,
152c4768-0cc8-31de-bffb-69773262acd7,Norwich Community Hospital,,Norwich,Norfolk,NR1 3,
5f038a0a-cfd7-3979-a42d-42abaf5f0fc4,King Street Surgery,,Great Yarmouth,Norfolk,NR29 4,
d30d5dc7-e339-385d-8a68-39f1c738cd95,Long Stratton Medical Partnership (Newton Flotman),,Norwich,Norfolk,NR15 1,
41ea0e4d-5fce-3bc2-85cb-4eb14647a591,University Medical Centre,University Drive nan,Norwich,Norfolk,NR4 7,+44 1603 251600
b9dea80e-f237-3bf3-abb2-3df5303e2c1e,Watton Medical Practice,Gregor Shanks Way 24,Thetford,Norfolk,IP25 6,
e300a2b2-b791-343a-b601-45a4b26fb12c,The Brundall Medical Centre,The Dales nan,Norwich,Norfolk,NR13 5,+44 1603 712255
ee2d80a3-e294-3793-a7a2-fd1e0c3e86fb,Chet Valley Medical Practice,George Lane 40-48,Norwich,Norfolk,NR14 6,+44 1508 520399
4910b9b3-f8d6-399e-880c-835cff94554c,Great Massingham Surgery,,King's Lynn,Norfolk,PE32 2,
0ad97dc8-198e-3f4d-a0ea-edd90e159914,Wells Health Centre,Bolts Close nan,Wells-next-the-Sea,Norfolk,NR23 1,
6dc7a34e-ff50-3ec2-a3e9-a29ab78cd7c9,Cringleford Surgery,Cantley Lane nan,,Norfolk,NR4 6,+44 1603 977477
923bcebf-257e-3dd3-9309-378e37223e7d,Acle Medical Centre,,Norwich,Norfolk,NR13 3,
1e7a6c1c-e856-3a69-9cda-c8a317658e39,Howdale Surgery,,Downham Market,Norfolk,PE38 9,
b3bf0a0a-8d01-30b5-bf59-faa42b9d9436,Chet Valley Medical Practice,George Lane 40-48,Norwich,Norfolk,NR14 6,+44 1508 520399
2d534959-0142-35c2-919f-d1d057109c2e,Harleston Medical Practice,,Harleston,Norfolk,IP20 9,
b7a30df2-eaeb-3c3c-a820-6a48c21394aa,The Brundall Medical Centre,The Dales nan,Norwich,Norfolk,NR13 5,+44 1603 712255
3f3a5203-e46c-3e2d-ade7-6a43ee1ea8bc,Methwold Surgery,,Thetford,Norfolk,IP26 4,
85590e4c-075f-3702-b212-837327216d49,Central Surgery,,Great Yarmouth,Norfolk,NR31 6,
abc77f33-4dd0-35c5-b8b6-58ddaf43863f,The Newberry Clinic,,Great Yarmouth,Norfolk,NR31 6,
e6cc1028-49cd-3d21-abba-5ee8f5ca3d7a,Poledon Medical Practice - Woolavington Surgery,Woolavington Road nan,Bridgwater,Somerset,TA7 8,
ae51f498-62b3-3ef9-8ebf-021d24fac3fd,Axbridge and Wedmore Medical Practice,Houlgate Way nan,Axbridge,Somerset,BS26 2,
17117fb0-05cf-371b-ad0d-67b5106c113f,Polden Medical Practice - Edington,,Bridgwater,Somerset,TA7 9,
b26ebd46-0b95-32ba-898f-a58a3b7862fd,Victoria Gate Surgery,East Reach nan,Taunton,Somerset,TA1 4,
65d24b7a-120e-32e3-bac5-0c7d3b03e04f,Minehead Community Hospital,Luttrell Way nan,Minehead,Somerset,TA24 6,
c4dc9556-7907-36a1-9337-29192c1bc151,The Park Medical Practice,Cannard's Grave Road nan,Shepton Mallet,Somerset,BA4 5,
d1aa9c79-7bfe-333b-88a1-d6cc6a4f2a6a,The Surgery,,Bridgwater,Somerset,TA6 6,
09942bbc-600a-387e-9163-df87b7c6ff46,Ryalls Park Medica Practice,Marsh Lane nan,Yeovil,Somerset,BA21 3,
ac79a753-00b8-3667-8cd9-dc16d32fbadb,Priory Health Park,,Wells,Somerset,BA5 1,
3fa228c5-63cd-3554-bb95-41fec1f0989c,West Mendip Community Hospital,,Glastonbury,Somerset,BA6 9,
890ec2cb-ef21-332b-bbe6-6db9234aaa18,Sexey's Hospital,High Street 1-30,Bruton,Somerset,BA10 0,
8210505c-859e-3698-b3c2-6ec56e285c92,Priory Health Park,,Wells,Somerset,BA5 1,
abf98889-2c61-35be-bc6f-28f745e80a94,Poledon Medical Practice - Woolavington Surgery,Woolavington Road nan,Bridgwater,Somerset,TA7 8,
56992b8f-e6da-34e2-bcd6-875e39710e66,Summervale Surgery,Canal Way nan,Ilminster,Somerset,TA19 9,
ef71bd1d-8daf-380f-9e45-a300d5fde637,Shepton Mallet Community Hospital,,Shepton Mallet,Somerset,BA4 5,
0e0a3253-f26d-3e89-b01f-6695a41129e7,Beckington Surgery,St. Lukes Road nan,Frome,Somerset,BA11 6,
e4a3d456-e4d8-3b6e-9445-e8b0ff90bb9f,Beckington Surgery,St. Lukes Road nan,Frome,Somerset,BA11 6,
abf304c9-5937-3a43-b288-e796a5903e1b,Abbey Manor Medical Practice,,Yeovil,Somerset,BA21 3,
3f7a0967-b8f5-37a9-a3d8-c62725334780,Frome Medical Centre,,Frome,Somerset,BA11 1,
8346a1c3-c31a-3697-8ec3-8cad19dfb9e9,Williton Community Hospital,North Road nan,Taunton,Somerset,TA4 4,+44 1984 635600
7600a249-66cf-3701-97d7-8366fae2d875,Lyngford Park Surgery,,Taunton,Somerset,TA2 8,
08973a96-4939-3cb6-bf24-ef2f3d2b5484,Wedmore Surgery,St Medard Road nan,Wedmore,Somerset,BS28 4,
3936242e-2223-3359-aa50-45f1b08a922c,Frome Community Hospital,,Frome,Somerset,BA11 1,
b43a7ed6-69f2-3fdc-84d4-be34aa974033,Shepton Mallet Community Hospital,,Shepton Mallet,Somerset,BA4 5,
40942242-cff8-3d8e-9c46-6375d5fa093e,Burnham Medical Centre,,Burnham-on-Sea,Somerset,TA8 1,
c28020b4-f49b-3dca-b8eb-18c9890c4ffa,Williton Community Hospital,North Road nan,Taunton,Somerset,TA4 4,+44 1984 635600
e107b3cf-448d-3765-bc63-64a5e54c3b8c,Victoria Gate Surgery,East Reach nan,Taunton,Somerset,TA1 4,
433a601e-24e9-3d4c-b0b1-f70703d86f86,Lyngford Park Surgery,,Taunton,Somerset,TA2 8,
a1630ec7-61af-382d-86ae-5e0f7ba4412c,Sexey's Hospital,High Street 1-30,Bruton,Somerset,BA10 0,
ddea6869-6a58-3c66-81a3-444078114d02,Sexey's Hospital,High Street 1-30,Bruton,Somerset,BA10 0,
0f7564a9-fa7c-338a-8ef6-100f0d381b35,Somerset Bridge Medical Centre,Taunton Road Somerset Bridge Medical Centre,Bridgwater,Somerset,TA6 7,
be35619a-08fe-3c77-907b-3660c5eb1041,The Park Medical Practice,Cannard's Grave Road nan,Shepton Mallet,Somerset,BA4 5,
a6169e3a-f943-3eb1-abf3-ce41ca15ec45,Frome Medical Centre,,Frome,Somerset,BA11 1,
0dcaee74-3859-32e1-bb4c-8b099eedeb60,Crewkerne Hospital,,Crewkerne,Somerset,TA18 7,
552efaa1-4870-3e7e-9635-23201416f59b,Williton Community Hospital,North Road nan,Taunton,Somerset,TA4 4,+44 1984 635600
e400c2fd-cb83-3171-b0eb-51627bc01f50,Frome Community Hospital,,Frome,Somerset,BA11 1,
22596504-b805-3c23-98a2-7d1345c69ede,Abbey Manor Medical Practice,,Yeovil,Somerset,BA21 3,
289eb73a-30b4-3011-a046-7379bcd70858,Porlock Medical Centre,,Watchet,Somerset,TA23 0,
448f077e-5798-3672-b5ad-ba2c6d940cbc,Orchard Medical Centre,Morse Road nan,Taunton,Somerset,TA2 6,
7ce622f8-1928-36b3-a42e-88210a0623d7,East Quay Medical Centre,East Quay nan,Bridgwater,Somerset,TA6 7,
6bdd8e5f-4916-3b0d-b112-e38980082bbd,Orchard Medical Centre,Morse Road nan,Taunton,Somerset,TA2 6,
60e776da-465b-3c3a-924b-d750a725ba11,Minehead Community Hospital,Luttrell Way nan,Minehead,Somerset,TA24 6,
a21b3dda-1330-3439-9a30-a29bdec29b0a,Quantock Vale Surgery,,Taunton,Somerset,TA4 3,+44 1823 432361
2520c4d5-9bf3-37ed-b785-1682d46594f0,Beckington Surgery,St. Lukes Road nan,Frome,Somerset,BA11 6,
b542463b-11b3-315f-a7ef-7cf14c8c7345,East Quay Medical Centre,East Quay nan,Bridgwater,Somerset,TA6 7,
2b4d725f-9a53-3554-bc3e-6a8527079721,Warwick House Medical Centre,Upper Holway Road nan,Taunton,Somerset,TA1 4,
71ca51c5-2198-3c86-a66e-5e48d74445cf,Polden Medical Practice - Edington,,Bridgwater,Somerset,TA7 9,
4d9b4920-74ec-3a72-bd74-06b357bc091c,Porlock Medical Centre,,Watchet,Somerset,TA23 0,
7e6afaf9-3367-3de3-aba2-720ffb43b438,Abbey Manor Medical Practice,,Yeovil,Somerset,BA21 3,
cea54e81-7f9b-3997-9d40-f0695854170d,Redgate Medical Centre,Westonzoyland Road nan,Bridgwater,Somerset,TA6 7,
8635ccd2-40c8-3aa2-a931-959ac37adf3a,Cannington Health Centre,,Bridgwater,Somerset,TA5 2,
952c5d78-6fa0-3fdc-bf1f-14d7a1678a87,Burnham Medical Centre,,Burnham-on-Sea,Somerset,TA8 1,
dc4fc1d0-cffc-3ddf-a9ca-51ba9eec11b1,Frome Community Hospital,,Frome,Somerset,BA11 1,
15b01327-84f0-3bd6-8269-af74a4e640be,Polden Medical Practice - Edington,,Bridgwater,Somerset,TA7 9,
e264d0b8-dd4e-37be-86ea-0c1b61a81047,Musgrove Park Hospital,Parkfield Drive nan,Taunton,Somerset,TA1 5,+44 1823 333444
e5316771-00b1-322a-8965-237df33a34b7,Dene Barton Community Hospital,Dene Road nan,Taunton,Somerset,TA4 1,+44 1823 431930
39cfb2dd-e144-3aec-acf4-031c8419be2d,Musgrove Park Hospital,Parkfield Drive nan,Taunton,Somerset,TA1 5,+44 1823 333444
b00856bf-730a-35db-bbbd-70720cd84641,Langport Surgery,North Street nan,Langport,Somerset,TA10 9,
c000a92e-da20-3266-809d-fee4a4683580,Quantock Vale Surgery,,Taunton,Somerset,TA4 3,+44 1823 432361
9630cfdb-f216-3d8e-be66-e6bc87b17777,Wedmore Surgery,St Medard Road nan,Wedmore,Somerset,BS28 4,
d906dc10-d3b4-3e4e-97ff-c1179571f081,The Surgery,,Bridgwater,Somerset,TA6 6,
26ecee21-765e-319d-8df7-7edc7a1095d1,The Surgery,,Bridgwater,Somerset,TA6 6,
09803451-9980-3e2a-9386-d3b7fe9d1b47,Quantock Vale Surgery,,Taunton,Somerset,TA4 3,+44 1823 432361
2479db93-b2e9-382c-b43c-1a6fa6b94a01,Summervale Surgery,Canal Way nan,Ilminster,Somerset,TA19 9,
0fbf5842-7a9e-3ebf-9932-bfdf0cedf9ae,Ryalls Park Medica Practice,Marsh Lane nan,Yeovil,Somerset,BA21 3,
5c75eec3-ffca-3d4d-b456-00682ecc2b65,Somerset Bridge Medical Centre,Taunton Road Somerset Bridge Medical Centre,Bridgwater,Somerset,TA6 7,
4115605a-5f69-3785-8bea-7ff6b1f35381,Burnham Medical Centre,,Burnham-on-Sea,Somerset,TA8 1,
0947e3c6-3fdb-314f-85c3-e5134ebcbeb5,Milverton Surgery,Creedwell Orchard nan,Taunton,Somerset,TA4 1,
05277710-f055-3e9f-b358-93a99bf28cc1,Bridgwater Community Hospital,Bower Lane Bridgwater Community Hospital,,Somerset,TA7 8,
fde1ece5-73c5-3276-90fa-8ce18e8cd4ca,Axbridge and Wedmore Medical Practice,Houlgate Way nan,Axbridge,Somerset,BS26 2,
71690ce6-b1fc-3f00-9bfa-020ee4c31255,The Park Medical Practice,Cannard's Grave Road nan,Shepton Mallet,Somerset,BA4 5,
d6779db7-f96c-3d63-91c5-584d602c0741,Crewkerne Hospital,,Crewkerne,Somerset,TA18 7,
892d7711-81c3-37ae-ba8f-7f9d84fd613d,Redgate Medical Centre,Westonzoyland Road nan,Bridgwater,Somerset,TA6 7,
2a9d3d69-af1f-31e8-80d7-71c282ba163b,West Mendip Community Hospital,,Glastonbury,Somerset,BA6 9,
f5d3e577-a58a-31db-a0a0-fb28ade5f8e4,Milverton Surgery,Creedwell Orchard nan,Taunton,Somerset,TA4 1,
de2d471b-6e9b-37c0-8355-a240297bea39,Minehead Community Hospital,Luttrell Way nan,Minehead,Somerset,TA24 6,
5c45b140-b8e2-31b9-a5eb-89dc751ebbee,Yeovil District Hospital,,Yeovil,Somerset,BA21 3,
66042dc6-efaa-3483-88f4-44de029dedc6,Axbridge and Wedmore Medical Practice,Houlgate Way nan,Axbridge,Somerset,BS26 2,
f41d212a-9362-357f-9a05-1fa1b9f63924,Porlock Medical Centre,,Watchet,Somerset,TA23 0,
307d5917-d034-3348-99a5-24fb0ecbd777,Shepton Mallet Community Hospital,,Shepton Mallet,Somerset,BA4 5,
163f4ed9-ed2c-354e-84c0-df8d00b5eef5,Langport Surgery,North Street nan,Langport,Somerset,TA10 9,
91f0b77e-9559-31b9-ac4b-2beff84d93bc,South Petherton Hospital,,South Petherton,Somerset,TA13 5,
18800a30-81f0-398a-8b37-15497d196268,South Petherton Hospital,,South Petherton,Somerset,TA13 5,
65250795-739a-3292-9fb4-aa2d32393b84,Bridgwater Community Hospital,Bower Lane Bridgwater Community Hospital,,Somerset,TA7 8,
b098fb84-1927-342f-a883-6369dec0b3e1,Warwick House Medical Centre,Upper Holway Road nan,Taunton,Somerset,TA1 4,
6c4efc69-5c9a-3b7f-bb36-a7730e55eeef,Summervale Surgery,Canal Way nan,Ilminster,Somerset,TA19 9,
40e844af-e2a2-3901-a7d3-4afa075d920f,Yeovil District Hospital,,Yeovil,Somerset,BA21 3,
3089a878-8d11-3a53-acea-69b66965a1ee,Frome Medical Centre,,Frome,Somerset,BA11 1,
5576e5ca-7d9c-3874-a62e-af2c151e3f78,Ryalls Park Medica Practice,Marsh Lane nan,Yeovil,Somerset,BA21 3,
5d30d76b-0bf3-35ef-b97a-cc376cd40c84,Priory Health Park,,Wells,Somerset,BA5 1,
2946e791-54f3-3512-b5ba-c11d121f240f,Cannington Health Centre,,Bridgwater,Somerset,TA5 2,
fe4bf014-b399-337e-99ea-b183d83f0096,Redgate Medical Centre,Westonzoyland Road nan,Bridgwater,Somerset,TA6 7,
b0e4abc8-c71b-3706-b871-9668dc1925de,Wedmore Surgery,St Medard Road nan,Wedmore,Somerset,BS28 4,
147dee0f-45b1-355e-a1b3-3cf0e969c4f4,Warwick House Medical Centre,Upper Holway Road nan,Taunton,Somerset,TA1 4,
79b21f95-ae2f-3432-b78b-867a72a8b2e9,East Quay Medical Centre,East Quay nan,Bridgwater,Somerset,TA6 7,
e4c0290f-2919-3f3d-a581-4df4180323ea,Dene Barton Community Hospital,Dene Road nan,Taunton,Somerset,TA4 1,+44 1823 431930
725e1be9-5673-32bb-99bf-5e4e4c108d83,West Mendip Community Hospital,,Glastonbury,Somerset,BA6 9,
2cc3b822-dddb-30b2-8440-ba092dd5b51c,New Hall Hospital,,,Wiltshire,SP5 4,
38d1a615-fe68-3902-a0e3-744f22c696ba,Salisbury District Hospital,,Salisbury,Wiltshire,SP2 8,
19bcd85a-59cb-38fd-b655-5d0fab5f9cbb,Eldene Surgery,Collingsmead nan,Swindon,Wiltshire,SN1 1,
398f7c0f-db86-3385-8af4-01f71fda3905,Downton Surgery,,Salisbury,Wiltshire,SP5 3,
32d62be9-e191-3c1a-81f5-eac31f75f277,Marlborough Medical Practice,George Lane nan,Marlborough,Wiltshire,SN8 1,
a03719e8-5c02-399d-9286-7abccf5a85ab,Castle Street Doctors Surgery,,Salisbury,Wiltshire,SP2 7,
5ed940f1-16c3-3bee-8c99-8a59b489ce24,Moredon Medical Centre,,Swindon,Wiltshire,SN1 1,
17ef112c-b59c-3913-b660-f58c408ec8fa,Box Surgery,,Corsham,Wiltshire,SN13 8,
28cfb228-3ec0-341f-8a3a-5380b4fc04d5,Salisbury District Hospital,,Salisbury,Wiltshire,SP2 8,
767d7113-5cbf-3955-a933-dab5a489229c,Hathaway Medical Centre,Middlefield Road nan,Chippenham,Wiltshire,SN15 1,
85ed1b66-32f8-3dd7-a683-c8e1ad400e96,Salisbury Medical Practice,Fountain Way nan,Salisbury,Wiltshire,SP2 7,
7cf53dbf-dbf7-3496-ad82-335764eacebe,Dorothy House Hospice Care,,Bradford on Avon,Wiltshire,BA15 2,
1592be85-a2fd-3b81-b15b-429a61b2285b,Marlborough Medical Practice,George Lane nan,Marlborough,Wiltshire,SN8 1,
b96cc443-b1cd-3388-9c16-ea5eefa1b604,Eldene Health Centre,,Swindon,Wiltshire,SN1 1,
72f618a7-f504-378f-bc6f-02e71687b22f,Taw Hill Medical Practice,,Swindon,Wiltshire,SN1 1,
38c53359-ce0d-353b-8bc7-ffc3a4031486,Spa Medical Centre,,Melksham,Wiltshire,SN12 7,
4733f61a-b3fa-32f3-9bd8-31418868680d,The Porch Surgery,Beechfield Road nan,Corsham,Wiltshire,SN13 9,
58c6dc18-9914-34ef-b234-aee93e142b6e,St Damian's Surgery,,Melksham,Wiltshire,SN12 7,
4e5a58ca-f6b6-3a82-b2ea-3e6f53a34580,Eastleigh Surgery,,Westbury,Wiltshire,BA13 3,
d33811e0-dcc1-32f6-83fc-da45485bdb5e,St Damian's Surgery,,Melksham,Wiltshire,SN12 7,
b43eecaa-d318-32ef-8f62-1439fbb2f223,Merchiston Surgery,,Swindon,Wiltshire,SN3 4,
0cd227d5-48a5-380a-9efa-645c4fe2cdd5,The Avenue Surgery,,Warminster,Wiltshire,BA12 9,
77f5c78d-5f58-3b78-97da-13664229f628,The Porch Surgery,Beechfield Road nan,Corsham,Wiltshire,SN13 9,
c938f328-fee1-39d7-8e2f-88dd6d2380bf,Ramsbury Surgery,Whittonditch Road nan,Marlborough,Wiltshire,SN8 2,
3520c315-7985-389d-818c-6add300768a1,Ashington House Surgery,,Swindon,Wiltshire,SN5 7,
20792e8f-c173-3559-b24a-75db9013bbee,New Hall Hospital,,,Wiltshire,SP5 4,
66203c56-0c65-3f37-a015-c16bf664e5a5,Dorothy House Hospice Care,,Bradford on Avon,Wiltshire,BA15 2,
2d74aa31-2b47-3295-90c7-f265cf0393b2,Trowbridge Community Hospital,,Trowbridge,Wiltshire,BA14 7,
ee1141bf-abdb-3a6e-af67-e209e7a8d092,Eldene Surgery,Collingsmead nan,Swindon,Wiltshire,SN1 1,
e4069a27-5d56-359e-9494-3bf6a6a61dd8,Home Ground Surgery,Thames Avenue nan,Swindon,Wiltshire,SN1 1,
750518ca-e489-33a5-9e7d-ca96b4c2ceb1,Park Lane Practice,,Swindon,Wiltshire,SN1 1,
e0e583b4-26e9-3821-9798-9b5877c45d5f,Eldene Surgery,Collingsmead nan,Swindon,Wiltshire,SN1 1,
5ace1283-4904-3844-9617-57e286b7ee3f,Rowden Surgery,,Chippenham,Wiltshire,SN15 1,
cd9fbb06-db3b-31b9-9a76-328769ccf3a1,Northlands Surgery,,Calne,Wiltshire,SN11 0,
7282a4c5-4c91-3b50-b576-b892eff2eb12,Park Lane Practice,,Swindon,Wiltshire,SN1 1,
f758f9ce-8bdd-3852-93fb-a2bb7c24d47a,Eastleigh Surgery,,Westbury,Wiltshire,BA13 3,
60d42476-77d5-30e7-a2b6-8a5adf900263,Warminster Community Hospital,,Warminster,Wiltshire,BA12 9,
5ab3662c-29e9-3ce7-be71-e969bc627b61,Merchiston Surgery,,Swindon,Wiltshire,SN3 4,
55fe0672-685a-346c-9cdc-10cc768916cc,Green Gable Surgery,High Street 38A,Swindon,Wiltshire,SN6 6,
4b479813-110c-34af-b004-6009ef378afb,Spa Medical Centre,,Melksham,Wiltshire,SN12 7,
9cd8c93a-d268-3c13-89e8-c3d42edcd400,Northlands Surgery,,Calne,Wiltshire,SN11 0,
ef5b1524-2616-38ba-8fcf-6d13dd39d26d,Park Lane Practice,,Swindon,Wiltshire,SN1 1,
68dd9b40-bc19-3307-a016-204aca6c62bd,Trowbridge Community Hospital,,Trowbridge,Wiltshire,BA14 7,
4e3a0e6d-6938-33cd-b62c-8728b608eaf1,St Damian's Surgery,,Melksham,Wiltshire,SN12 7,
c8e51d5d-53ac-39b1-81a8-11c91aced1a5,Rowden Surgery,,Chippenham,Wiltshire,SN15 1,
0331b927-7561-3302-b81b-389fe07538a5,Green Gable Surgery,High Street 38A,Swindon,Wiltshire,SN6 6,
23b1d453-8019-3bfe-9fa8-3f69af062558,Great Western Hospital,,Swindon,Wiltshire,SN3 6,
cd5ead5b-7b40-39cc-b409-14468d10df90,Salisbury Medical Practice,Fountain Way nan,Salisbury,Wiltshire,SP2 7,
6a9b489f-ac76-3814-8391-8c41033f9892,Eldene Health Centre,,Swindon,Wiltshire,SN1 1,
a1aa2a53-48ea-3881-9638-5ae4e37d6b3a,Marlborough Medical Practice,George Lane nan,Marlborough,Wiltshire,SN8 1,
0e2324d4-ff42-3abe-a448-5e5085caaf80,Sparcells surgery,,Swindon,Wiltshire,SN5 5,
fd1c012d-614d-345e-a899-57b87326981d,Home Ground Surgery,Thames Avenue nan,Swindon,Wiltshire,SN1 1,
ce22b6e6-5b6e-3f4e-bc91-c0748a3b7fa4,Spa Medical Centre,,Melksham,Wiltshire,SN12 7,
29c68700-d500-325d-a5cd-2315bb1cffa6,Eastleigh Surgery,,Westbury,Wiltshire,BA13 3,
9d74952b-aa09-398b-b818-5294454e2839,Trowbridge Community Hospital,,Trowbridge,Wiltshire,BA14 7,
ad7a8b64-d4e0-38af-857f-96d3da41e310,Eastleigh Surgery,,Westbury,Wiltshire,BA13 3,
2c0ca8b7-7420-38cf-a1c7-8b8cf80b470e,Eastleigh Surgery,,Westbury,Wiltshire,BA13 3,
4b8e2b21-cc08-3af7-9667-28795fc38a72,Dorothy House Hospice Care,,Bradford on Avon,Wiltshire,BA15 2,
18bc6c70-79d4-3624-a7d6-19ac8b2e13b1,Taw Hill Medical Practice,,Swindon,Wiltshire,SN1 1,
9d6df70b-6491-391a-a1b6-343f2e410dba,Downton Surgery,,Salisbury,Wiltshire,SP5 3,
55081aa9-de68-3542-b126-09e13b960164,Hathaway Medical Centre,Middlefield Road nan,Chippenham,Wiltshire,SN15 1,
59bd41f2-c626-3338-96c2-cad77f86934d,Castle Street Doctors Surgery,,Salisbury,Wiltshire,SP2 7,
1ce7d320-c369-38e8-9b8f-d5707d8c22c4,Hathaway Medical Centre,Middlefield Road nan,Chippenham,Wiltshire,SN15 1,
07bf5515-365b-3b17-9d69-260a2ce9eb85,Eldene Health Centre,,Swindon,Wiltshire,SN1 1,
69255cec-e642-3656-be80-1d8a60b32cd7,Ramsbury Surgery,Whittonditch Road nan,Marlborough,Wiltshire,SN8 2,
68a51433-604d-3847-9a51-78752e38162d,Wroughton Health Centre,,Swindon,Wiltshire,SN4 0,
9d58d012-011f-3161-8725-e87fa7780621,Salisbury District Hospital,,Salisbury,Wiltshire,SP2 8,
5560d920-a115-363e-a50e-6f8ab9d77296,Moredon Medical Centre,,Swindon,Wiltshire,SN1 1,
ab181a05-611d-3164-8cab-167272372efa,Great Western Hospital,,Swindon,Wiltshire,SN3 6,
9628a36c-4950-33ba-b60c-4196ce1462d6,Beversbrook,,Calne,Wiltshire,SN11 0,
b87b5112-f3e8-3041-b539-7bdd4da29a2e,Great Western Hospital,,Swindon,Wiltshire,SN3 6,
dceac7f4-4414-36b6-9d77-0d60caf3ea6f,Sparcells surgery,,Swindon,Wiltshire,SN5 5,
21fb9a79-dc37-3848-a03d-5a6fb09c337d,The Avenue Surgery,,Warminster,Wiltshire,BA12 9,
a03fdc72-7f1b-33c4-b1b8-9320b2524c28,Wroughton Health Centre,,Swindon,Wiltshire,SN4 0,
b342466a-67b4-35d8-8b1d-3b98f8605f91,Moredon Medical Centre,,Swindon,Wiltshire,SN1 1,
9aa81d6b-2bed-34e3-b952-8c13f14f87aa,Beversbrook,,Calne,Wiltshire,SN11 0,
0e061875-4a05-32da-88c6-dba22a793334,Ashington House Surgery,,Swindon,Wiltshire,SN5 7,
93f625be-297d-3603-b95e-fb296be36c12,Warminster Community Hospital,,Warminster,Wiltshire,BA12 9,
ce191567-5bfc-3273-a514-e8d10af6bfd4,Beversbrook,,Calne,Wiltshire,SN11 0,
f5e52466-c17c-352d-a53d-52b0e2f9f030,Warminster Community Hospital,,Warminster,Wiltshire,BA12 9,
6040b854-407d-3b00-8aff-514c8ad7f6bb,Taw Hill Medical Practice,,Swindon,Wiltshire,SN1 1,
195e42f3-93ab-33f4-b812-4531a85f3407,Box Surgery,,Corsham,Wiltshire,SN13 8,
7f776ef4-5f86-3a9f-a5ba-d4d655745956,Ashington House Surgery,,Swindon,Wiltshire,SN5 7,
3f2990bf-f444-33f6-ba0e-bfd7c6d3f277,Merchiston Surgery,,Swindon,Wiltshire,SN3 4,
0af7a3a6-9305-3df3-b8e2-41fd3fc0c5c6,The Avenue Surgery,,Warminster,Wiltshire,BA12 9,
eabab483-25f1-37a7-b7ad-9bebd742e992,Wroughton Health Centre,,Swindon,Wiltshire,SN4 0,
bfc480a6-8191-3880-825c-e28a5701f5fa,Eastleigh Surgery,,Westbury,Wiltshire,BA13 3,
3defbf63-62e9-389e-83d1-4294aa1c5c01,New Hall Hospital,,,Wiltshire,SP5 4,
3cfe7a70-277b-38ab-92aa-2486d96fb99b,The Porch Surgery,Beechfield Road nan,Corsham,Wiltshire,SN13 9,
0609538f-ee41-36d4-a49a-45138ff14d09,Green Lane Hospital,,Devizes,Wiltshire,SN10 1,
ca8854e3-a0b9-3c2e-8e3c-cd765d6a07e1,Whiteparish Surgery,,Salisbury,Wiltshire,SP5 2,+44 1794 884269
943f8176-dabe-35e1-8b47-df4c5c0cd494,Sparcells surgery,,Swindon,Wiltshire,SN5 5,
9adcfa82-ecc1-3942-94df-ad290ac54082,Green Gable Surgery,High Street 38A,Swindon,Wiltshire,SN6 6,
694d2063-7abe-380b-946b-7ca9c512e6c3,Salisbury Medical Practice,Fountain Way nan,Salisbury,Wiltshire,SP2 7,
1af8319d-6172-3d6b-9c29-d2bed3f5503f,Ramsbury Surgery,Whittonditch Road nan,Marlborough,Wiltshire,SN8 2,
fc8cc6e0-6228-3e47-b022-62069e83af22,Box Surgery,,Corsham,Wiltshire,SN13 8,
88f9399f-f16e-3751-8e2a-5f2f0cca1d3b,Green Lane Hospital,,Devizes,Wiltshire,SN10 1,
884e9eb7-75ac-3ca1-be70-80bb8edd81eb,Castle Street Doctors Surgery,,Salisbury,Wiltshire,SP2 7,
d729281e-84c9-35e1-b439-24490036d0b6,Home Ground Surgery,Thames Avenue nan,Swindon,Wiltshire,SN1 1,
09198bea-2c7c-3878-8662-c6ac09024f32,Rowden Surgery,,Chippenham,Wiltshire,SN15 1,
9da731cc-d62a-374d-9c3b-e3d8618f57e4,Green Lane Hospital,,Devizes,Wiltshire,SN10 1,
